matrix,n,r,method,matvecs,converged,residual,time_s,predicted_speedup
diag(1000:-1:1),1000,0.999,power,2001,False,0.13769618288811786,0.01757454196922481,44.717631744576906
diag(1000:-1:1),1000,0.999,static,777,True,9.94784152324268e-13,0.007870875066146255,44.717631744576906
diag(1000:-1:1),1000,0.999,dynamic,683,True,9.78491859388982e-13,0.007545416010543704,44.717631744576906
diag(1000:-1:1),1000,0.999,power_uncapped,27619,True,9.992032206157726e-13,0.2410982921719551,44.717631744576906
Kuu,7102,0.9981435995821459,power,2001,False,0.0024563897272599565,0.32417954108677804,32.817987417794996
Kuu,7102,0.9981435995821459,static,1166,True,9.605647459884257e-13,0.20236879191361368,32.817987417794996
Kuu,7102,0.9981435995821459,dynamic,528,True,9.756580805834847e-13,0.087430041981861,32.817987417794996
Muu,7102,0.9991581928648439,power,2001,False,6.392008558772831e-08,0.15488808299414814,48.739180471843504
Muu,7102,0.9991581928648439,static,728,True,8.850357033752236e-13,0.06484075007028878,48.739180471843504
Muu,7102,0.9991581928648439,dynamic,292,True,9.463739493701462e-13,0.024662999901920557,48.739180471843504
ash292,292,0.9152823517335515,power,313,True,9.27187426253935e-13,0.0015844169538468122,4.823646329637006
ash292,292,0.9152823517335515,static,75,True,7.493186916791659e-13,0.0004375828430056572,4.823646329637006
ash292,292,0.9152823517335515,dynamic,73,True,8.004194437185077e-13,0.0004682089202105999,4.823646329637006
bcspwr06,1454,0.9813580944666379,power,1360,True,9.990670668461542e-13,0.01713733305223286,10.341681225983583
bcspwr06,1454,0.9813580944666379,static,154,True,8.39411398696774e-13,0.002022000029683113,10.341681225983583
bcspwr06,1454,0.9813580944666379,dynamic,145,True,9.21987262654886e-13,0.0020258331205695868,10.341681225983583
