graph,n,d,method,matvecs,iterations,time_s,converged,residual,speedup,predicted_speedup,theoretical_rate,observed_rate,l1_agreement,beta_opt,beta_final
ca-HepPh,12008,0.85,power,150,149,0.026371999876573682,True,9.600955747151837e-13,1.0,3.603774859645975,0.85,0.8499984813292337,0.0,0.18062499999999998,0.0
ca-HepPh,12008,0.85,static,49,48,0.008796666981652379,True,7.258809060246884e-13,3.061224489795918,3.603774859645975,0.5567262498321919,0.5671249061866538,3.4445724064421403e-13,0.18062499999999998,0.18062499999999998
ca-HepPh,12008,0.85,dynamic,47,46,0.00852574990130961,True,8.317610155797299e-13,3.1914893617021276,3.603774859645975,0.5567262498321919,0.5562522400689836,1.1254558161208914e-12,0.18062499999999998,0.18087392393640656
ca-HepPh,12008,0.9,power,231,230,0.03982345899567008,True,9.256652198548123e-13,1.0,4.433779629746542,0.9,0.8999997578635364,0.0,0.2025,0.0
ca-HepPh,12008,0.9,static,61,60,0.010832165833562613,True,8.231519839970272e-13,3.7868852459016393,4.433779629746542,0.6267890062732586,0.6375269106617819,3.01978038589972e-13,0.2025,0.2025
ca-HepPh,12008,0.9,dynamic,58,57,0.010419208090752363,True,9.5170537733005e-13,3.9827586206896552,4.433779629746542,0.6267890062732586,0.6272767974466376,1.6880376338678253e-12,0.2025,0.20307131477914642
ca-HepPh,12008,0.95,power,471,470,0.08034787490032613,True,9.66701675666061e-13,1.0,6.297829826079716,0.95,0.9500001079794039,0.0,0.225625,0.0
ca-HepPh,12008,0.95,static,88,87,0.015587166883051395,True,7.737053797109706e-13,5.3522727272727275,6.297829826079716,0.7239474737685053,0.7335772574137142,3.271212400824254e-13,0.225625,0.225625
ca-HepPh,12008,0.95,dynamic,83,82,0.014841833151876926,True,8.049711867796517e-13,5.674698795180723,6.297829826079716,0.7239474737685053,0.7240579012231381,2.04389653514031e-12,0.225625,0.22589683435441338
ca-HepPh,12008,0.99,power,2377,2376,0.40780837507918477,True,9.968346701225725e-13,1.0,14.130317913366113,0.99,0.990001548921641,0.0,0.245025,0.0
ca-HepPh,12008,0.99,static,197,196,0.034316208912059665,True,9.365162395363543e-13,12.065989847715736,14.130317913366113,0.8676087274781222,0.8724437205382302,2.492221186706418e-13,0.245025,0.245025
ca-HepPh,12008,0.99,dynamic,182,181,0.03493666695430875,True,9.378930127829984e-13,13.06043956043956,14.130317913366113,0.8676087274781222,0.8676307586022328,3.438747480295518e-12,0.245025,0.24505854650015077
ca-HepPh,12008,0.999,power,23777,23776,4.1666987501084805,True,9.995123401490524e-13,1.0,44.717631744576906,0.999,0.9989996997203677,0.0,0.24950025,0.0
ca-HepPh,12008,0.999,static,622,621,0.10986183304339647,True,9.798543870598993e-13,38.22668810289389,44.717631744576906,0.95624606825604,0.9578416793357005,2.53270750525953e-13,0.24950025,0.24950025
ca-HepPh,12008,0.999,dynamic,567,566,0.10008470807224512,True,9.951935777117212e-13,41.9347442680776,44.717631744576906,0.95624606825604,0.956246822145283,6.51391125965882e-13,0.24950025,0.24950057223522343
