graph,d,method,start,matvecs,converged,time_s
ca-HepPh,0.85,power,ones,150,True,0.026215665973722935
ca-HepPh,0.85,static,ones,49,True,0.008699999889358878
ca-HepPh,0.85,dynamic,ones,47,True,0.008481791941449046
ca-HepPh,0.85,power,random non-negative,157,True,0.029477500123903155
ca-HepPh,0.85,static,random non-negative,51,True,0.00899200001731515
ca-HepPh,0.85,dynamic,random non-negative,48,True,0.008535250090062618
ca-HepPh,0.85,power,random non-negative,158,True,0.027253415901213884
ca-HepPh,0.85,static,random non-negative,51,True,0.010454792063683271
ca-HepPh,0.85,dynamic,random non-negative,48,True,0.009929249994456768
ca-HepPh,0.85,power,random non-negative,157,True,0.027967208996415138
ca-HepPh,0.85,static,random non-negative,51,True,0.008962959051132202
ca-HepPh,0.85,dynamic,random non-negative,48,True,0.00929191685281694
ca-HepPh,0.85,power,random non-negative,157,True,0.026736750034615397
ca-HepPh,0.85,static,random non-negative,51,True,0.009962165961042047
ca-HepPh,0.85,dynamic,random non-negative,48,True,0.009698458947241306
ca-HepPh,0.85,power,random non-negative,158,True,0.03004120895639062
ca-HepPh,0.85,static,random non-negative,51,True,0.010768500156700611
ca-HepPh,0.85,dynamic,random non-negative,48,True,0.010173208080232143
ca-HepPh,0.85,power,random non-negative,157,True,0.02870125020854175
ca-HepPh,0.85,static,random non-negative,51,True,0.010579792084172368
ca-HepPh,0.85,dynamic,random non-negative,48,True,0.010120874969288707
ca-HepPh,0.85,power,random non-negative,157,True,0.030902333091944456
ca-HepPh,0.85,static,random non-negative,51,True,0.010543540818616748
ca-HepPh,0.85,dynamic,random non-negative,48,True,0.010048833210021257
ca-HepPh,0.85,power,random non-negative,157,True,0.029239665949717164
ca-HepPh,0.85,static,random non-negative,51,True,0.010684209177270532
ca-HepPh,0.85,dynamic,random non-negative,48,True,0.010074333054944873
ca-HepPh,0.85,power,random non-negative,157,True,0.02902350015938282
ca-HepPh,0.85,static,random non-negative,51,True,0.011911500012502074
ca-HepPh,0.85,dynamic,random non-negative,48,True,0.011316291987895966
ca-HepPh,0.85,power,random non-negative,157,True,0.030433541862294078
ca-HepPh,0.85,static,random non-negative,51,True,0.009626500075682998
ca-HepPh,0.85,dynamic,random non-negative,48,True,0.00913862488232553
ca-HepPh,0.85,power,random non-negative,157,True,0.02813879121094942
ca-HepPh,0.85,static,random non-negative,51,True,0.009376874892041087
ca-HepPh,0.85,dynamic,random non-negative,48,True,0.008885707939043641
ca-HepPh,0.85,power,random non-negative,158,True,0.03034125012345612
ca-HepPh,0.85,static,random non-negative,51,True,0.010657250182703137
ca-HepPh,0.85,dynamic,random non-negative,48,True,0.010084040928632021
ca-HepPh,0.85,power,random non-negative,157,True,0.02880854089744389
ca-HepPh,0.85,static,random non-negative,51,True,0.00895991688594222
ca-HepPh,0.85,dynamic,random non-negative,48,True,0.009969624923542142
ca-HepPh,0.85,power,random non-negative,158,True,0.030839415965601802
ca-HepPh,0.85,static,random non-negative,51,True,0.01064424985088408
ca-HepPh,0.85,dynamic,random non-negative,48,True,0.009817834012210369
ca-HepPh,0.85,power,random non-negative,157,True,0.02668354194611311
ca-HepPh,0.85,static,random non-negative,51,True,0.010880333138629794
ca-HepPh,0.85,dynamic,random non-negative,48,True,0.010103665990754962
ca-HepPh,0.85,power,random non-negative,157,True,0.028149083955213428
ca-HepPh,0.85,static,random non-negative,51,True,0.008985916851088405
ca-HepPh,0.85,dynamic,random non-negative,48,True,0.008505833800882101
ca-HepPh,0.85,power,random non-negative,158,True,0.029944000067189336
ca-HepPh,0.85,static,random non-negative,51,True,0.0094093750230968
ca-HepPh,0.85,dynamic,random non-negative,48,True,0.009015749907121062
ca-HepPh,0.85,power,random non-negative,157,True,0.029704957967624068
ca-HepPh,0.85,static,random non-negative,51,True,0.009278125129640102
ca-HepPh,0.85,dynamic,random non-negative,48,True,0.010417832992970943
ca-HepPh,0.85,power,random non-negative,157,True,0.027728999964892864
ca-HepPh,0.85,static,random non-negative,51,True,0.008956999983638525
ca-HepPh,0.85,dynamic,random non-negative,48,True,0.009815084049478173
ca-HepPh,0.85,power,random non-negative,158,True,0.030932415975257754
ca-HepPh,0.85,static,random non-negative,51,True,0.010558624984696507
ca-HepPh,0.85,dynamic,random non-negative,48,True,0.008708582958206534
ca-HepPh,0.85,power,random non-negative,157,True,0.02677399991080165
ca-HepPh,0.85,static,random non-negative,51,True,0.010407833848148584
ca-HepPh,0.85,dynamic,random non-negative,48,True,0.009995499858632684
ca-HepPh,0.85,power,random non-negative,157,True,0.027498790994286537
ca-HepPh,0.85,static,random non-negative,51,True,0.010320666944608092
ca-HepPh,0.85,dynamic,random non-negative,48,True,0.00958970794454217
ca-HepPh,0.85,power,random non-negative,157,True,0.030187917174771428
ca-HepPh,0.85,static,random non-negative,51,True,0.011062958044931293
ca-HepPh,0.85,dynamic,random non-negative,48,True,0.009994541993364692
ca-HepPh,0.85,power,random non-negative,158,True,0.029993458185344934
ca-HepPh,0.85,static,random non-negative,51,True,0.009741374989971519
ca-HepPh,0.85,dynamic,random non-negative,48,True,0.009873458882793784
ca-HepPh,0.85,power,random non-negative,158,True,0.02925237501040101
ca-HepPh,0.85,static,random non-negative,51,True,0.0108129580039531
ca-HepPh,0.85,dynamic,random non-negative,48,True,0.010156082920730114
ca-HepPh,0.85,power,random non-negative,157,True,0.02904408285394311
ca-HepPh,0.85,static,random non-negative,51,True,0.009373666951432824
ca-HepPh,0.85,dynamic,random non-negative,48,True,0.009325542021542788
ca-HepPh,0.85,power,random non-negative,157,True,0.027317916974425316
ca-HepPh,0.85,static,random non-negative,51,True,0.009186250157654285
ca-HepPh,0.85,dynamic,random non-negative,48,True,0.008510167011991143
ca-HepPh,0.85,power,random non-negative,157,True,0.026788874994963408
ca-HepPh,0.85,static,random non-negative,51,True,0.00892566703259945
ca-HepPh,0.85,dynamic,random non-negative,48,True,0.008475624956190586
ca-HepPh,0.85,power,random non-negative,157,True,0.029245249927043915
ca-HepPh,0.85,static,random non-negative,51,True,0.009232457960024476
ca-HepPh,0.85,dynamic,random non-negative,48,True,0.008803999982774258
ca-HepPh,0.85,power,random non-negative,157,True,0.027065667090937495
ca-HepPh,0.85,static,random non-negative,51,True,0.010378792183473706
ca-HepPh,0.85,dynamic,random non-negative,48,True,0.009700458962470293
ca-HepPh,0.85,power,random non-negative,158,True,0.028337541967630386
ca-HepPh,0.85,static,random non-negative,51,True,0.009879459161311388
ca-HepPh,0.85,dynamic,random non-negative,48,True,0.009794791927561164
ca-HepPh,0.85,power,random non-negative,158,True,0.02861687494441867
ca-HepPh,0.85,static,random non-negative,51,True,0.010576416971161962
ca-HepPh,0.85,dynamic,random non-negative,48,True,0.01005600020289421
ca-HepPh,0.85,power,random non-negative,158,True,0.03084554197266698
ca-HepPh,0.85,static,random non-negative,51,True,0.008898749947547913
ca-HepPh,0.85,dynamic,random non-negative,48,True,0.010506165912374854
ca-HepPh,0.85,power,random non-negative,157,True,0.032301124883815646
ca-HepPh,0.85,static,random non-negative,51,True,0.010799165815114975
ca-HepPh,0.85,dynamic,random non-negative,48,True,0.00962599995546043
ca-HepPh,0.85,power,random non-negative,157,True,0.03128620912320912
ca-HepPh,0.85,static,random non-negative,51,True,0.010202041128650308
ca-HepPh,0.85,dynamic,random non-negative,48,True,0.01491633290424943
ca-HepPh,0.85,power,random non-negative,157,True,0.03259004093706608
ca-HepPh,0.85,static,random non-negative,51,True,0.01139545883052051
ca-HepPh,0.85,dynamic,random non-negative,48,True,0.013959167059510946
ca-HepPh,0.85,power,random non-negative,157,True,0.033047250006347895
ca-HepPh,0.85,static,random non-negative,51,True,0.010950500145554543
ca-HepPh,0.85,dynamic,random non-negative,48,True,0.010354750091210008
ca-HepPh,0.85,power,random non-negative,157,True,0.027652082964777946
ca-HepPh,0.85,static,random non-negative,51,True,0.009265166940167546
ca-HepPh,0.85,dynamic,random non-negative,48,True,0.008968875044956803
ca-HepPh,0.85,power,random non-negative,157,True,0.027580542024224997
ca-HepPh,0.85,static,random non-negative,51,True,0.009153083199635148
ca-HepPh,0.85,dynamic,random non-negative,48,True,0.008633666904643178
ca-HepPh,0.85,power,random non-negative,157,True,0.027459834003821015
ca-HepPh,0.85,static,random non-negative,51,True,0.009537042118608952
ca-HepPh,0.85,dynamic,random non-negative,48,True,0.010321166832000017
ca-HepPh,0.85,power,random non-negative,157,True,0.02772437478415668
ca-HepPh,0.85,static,random non-negative,51,True,0.010538666974753141
ca-HepPh,0.85,dynamic,random non-negative,48,True,0.011390874860808253
ca-HepPh,0.85,power,random non-negative,157,True,0.048113583121448755
ca-HepPh,0.85,static,random non-negative,51,True,0.010390459094196558
ca-HepPh,0.85,dynamic,random non-negative,48,True,0.009120583068579435
ca-HepPh,0.85,power,random non-negative,157,True,0.028102457989007235
ca-HepPh,0.85,static,random non-negative,51,True,0.00900108297355473
ca-HepPh,0.85,dynamic,random non-negative,48,True,0.009197375038638711
ca-HepPh,0.85,power,random non-negative,157,True,0.02702791686169803
ca-HepPh,0.85,static,random non-negative,51,True,0.0088450419716537
ca-HepPh,0.85,dynamic,random non-negative,48,True,0.010143124964088202
ca-HepPh,0.85,power,random non-negative,157,True,0.028135124826803803
ca-HepPh,0.85,static,random non-negative,51,True,0.010507999919354916
ca-HepPh,0.85,dynamic,random non-negative,48,True,0.009979250142350793
ca-HepPh,0.85,power,random non-negative,157,True,0.028344249818474054
ca-HepPh,0.85,static,random non-negative,51,True,0.00884045916609466
ca-HepPh,0.85,dynamic,random non-negative,48,True,0.008438208140432835
ca-HepPh,0.85,power,random non-negative,157,True,0.02690754202194512
ca-HepPh,0.85,static,random non-negative,51,True,0.009534082841128111
ca-HepPh,0.85,dynamic,random non-negative,48,True,0.010745916981250048
ca-HepPh,0.85,power,random non-negative,157,True,0.029106457950547338
ca-HepPh,0.85,static,random non-negative,51,True,0.009383083088323474
ca-HepPh,0.85,dynamic,random non-negative,48,True,0.008511000080034137
ca-HepPh,0.85,power,random non-negative,158,True,0.027031000005081296
ca-HepPh,0.85,static,random non-negative,51,True,0.010713417083024979
ca-HepPh,0.85,dynamic,random non-negative,48,True,0.010459332959726453
ca-HepPh,0.85,power,random non-negative,157,True,0.03542879200540483
ca-HepPh,0.85,static,random non-negative,51,True,0.011453624814748764
ca-HepPh,0.85,dynamic,random non-negative,48,True,0.009836042067036033
ca-HepPh,0.85,power,random signed,196,True,0.03328237496316433
ca-HepPh,0.85,static,random signed,62,True,0.013131916988641024
ca-HepPh,0.85,dynamic,random signed,74,True,0.015367707936093211
ca-HepPh,0.85,power,random signed,187,True,0.0322372920345515
ca-HepPh,0.85,static,random signed,59,True,0.011061833007261157
ca-HepPh,0.85,dynamic,random signed,65,True,0.01352687506005168
ca-HepPh,0.85,power,random signed,202,True,0.03517716680653393
ca-HepPh,0.85,static,random signed,64,True,0.011437541106715798
ca-HepPh,0.85,dynamic,random signed,80,True,0.014969833195209503
ca-HepPh,0.85,power,random signed,202,True,0.042607042007148266
ca-HepPh,0.85,static,random signed,64,True,0.01216129120439291
ca-HepPh,0.85,dynamic,random signed,80,True,0.016991500044241548
ca-HepPh,0.85,power,random signed,196,True,0.035366374999284744
ca-HepPh,0.85,static,random signed,62,True,0.011263082968071103
ca-HepPh,0.85,dynamic,random signed,74,True,0.01351866708137095
ca-HepPh,0.85,power,random signed,210,True,0.0368737920653075
ca-HepPh,0.85,static,random signed,66,True,0.012166582979261875
ca-HepPh,0.85,dynamic,random signed,86,True,0.01667620916850865
ca-HepPh,0.85,power,random signed,200,True,0.03437070804648101
ca-HepPh,0.85,static,random signed,63,True,0.01103270798921585
ca-HepPh,0.85,dynamic,random signed,78,True,0.014062791131436825
ca-HepPh,0.85,power,random signed,214,True,0.03899224987253547
ca-HepPh,0.85,static,random signed,67,True,0.011714542051777244
ca-HepPh,0.85,dynamic,random signed,92,True,0.017059125006198883
ca-HepPh,0.85,power,random signed,191,True,0.03780074999667704
ca-HepPh,0.85,static,random signed,60,True,0.012550291139632463
ca-HepPh,0.85,dynamic,random signed,69,True,0.01404566690325737
ca-HepPh,0.85,power,random signed,188,True,0.03258420806378126
ca-HepPh,0.85,static,random signed,60,True,0.012455082964152098
ca-HepPh,0.85,dynamic,random signed,66,True,0.011839707847684622
ca-HepPh,0.85,power,random signed,190,True,0.034103875048458576
ca-HepPh,0.85,static,random signed,60,True,0.011416667141020298
ca-HepPh,0.85,dynamic,random signed,68,True,0.012503708945587277
ca-HepPh,0.85,power,random signed,192,True,0.035546917002648115
ca-HepPh,0.85,static,random signed,61,True,0.011149749858304858
ca-HepPh,0.85,dynamic,random signed,70,True,0.012902165995910764
ca-HepPh,0.85,power,random signed,184,True,0.03591508395038545
ca-HepPh,0.85,static,random signed,59,True,0.010760958073660731
ca-HepPh,0.85,dynamic,random signed,63,True,0.011823124950751662
ca-HepPh,0.85,power,random signed,197,True,0.033589875092729926
ca-HepPh,0.85,static,random signed,62,True,0.010723749874159694
ca-HepPh,0.85,dynamic,random signed,75,True,0.015432708198204637
ca-HepPh,0.85,power,random signed,190,True,0.03403045795857906
ca-HepPh,0.85,static,random signed,60,True,0.010984292021021247
ca-HepPh,0.85,dynamic,random signed,68,True,0.013179583009332418
ca-HepPh,0.85,power,random signed,188,True,0.0326749999076128
ca-HepPh,0.85,static,random signed,60,True,0.012213875073939562
ca-HepPh,0.85,dynamic,random signed,66,True,0.011521417181938887
ca-HepPh,0.85,power,random signed,189,True,0.03200166719034314
ca-HepPh,0.85,static,random signed,60,True,0.0106153329834342
ca-HepPh,0.85,dynamic,random signed,67,True,0.012340416898950934
ca-HepPh,0.85,power,random signed,196,True,0.03695058380253613
ca-HepPh,0.85,static,random signed,62,True,0.011822290951386094
ca-HepPh,0.85,dynamic,random signed,73,True,0.013348584063351154
ca-HepPh,0.85,power,random signed,198,True,0.03431616700254381
ca-HepPh,0.85,static,random signed,62,True,0.012570791877806187
ca-HepPh,0.85,dynamic,random signed,75,True,0.015907749999314547
ca-HepPh,0.85,power,random signed,184,True,0.0318337909411639
ca-HepPh,0.85,static,random signed,58,True,0.012393792159855366
ca-HepPh,0.85,dynamic,random signed,62,True,0.012997208163142204
ca-HepPh,0.85,power,random signed,186,True,0.032120333053171635
ca-HepPh,0.85,static,random signed,59,True,0.012346541974693537
ca-HepPh,0.85,dynamic,random signed,64,True,0.01350616617128253
ca-HepPh,0.85,power,random signed,190,True,0.037125041941180825
ca-HepPh,0.85,static,random signed,60,True,0.012484875041991472
ca-HepPh,0.85,dynamic,random signed,68,True,0.014307917095720768
ca-HepPh,0.85,power,random signed,190,True,0.035595458932220936
ca-HepPh,0.85,static,random signed,60,True,0.011091915890574455
ca-HepPh,0.85,dynamic,random signed,69,True,0.014500916004180908
ca-HepPh,0.85,power,random signed,202,True,0.03530500014312565
ca-HepPh,0.85,static,random signed,64,True,0.011716624954715371
ca-HepPh,0.85,dynamic,random signed,79,True,0.015004209009930491
ca-HepPh,0.85,power,random signed,187,True,0.03301804116927087
ca-HepPh,0.85,static,random signed,59,True,0.010581082897260785
ca-HepPh,0.85,dynamic,random signed,65,True,0.012115499936044216
ca-HepPh,0.85,power,random signed,191,True,0.03290512505918741
ca-HepPh,0.85,static,random signed,60,True,0.012319458182901144
ca-HepPh,0.85,dynamic,random signed,69,True,0.014553125016391277
ca-HepPh,0.85,power,random signed,185,True,0.03241841704584658
ca-HepPh,0.85,static,random signed,59,True,0.010298416018486023
ca-HepPh,0.85,dynamic,random signed,62,True,0.010856749955564737
ca-HepPh,0.85,power,random signed,192,True,0.03518862486816943
ca-HepPh,0.85,static,random signed,61,True,0.012613958911970258
ca-HepPh,0.85,dynamic,random signed,69,True,0.01308033405803144
ca-HepPh,0.85,power,random signed,190,True,0.03273666696622968
ca-HepPh,0.85,static,random signed,60,True,0.012275208020582795
ca-HepPh,0.85,dynamic,random signed,68,True,0.01406766613945365
ca-HepPh,0.85,power,random signed,201,True,0.034447292098775506
ca-HepPh,0.85,static,random signed,63,True,0.010943999979645014
ca-HepPh,0.85,dynamic,random signed,79,True,0.013806292088702321
ca-HepPh,0.85,power,random signed,198,True,0.036195874912664294
ca-HepPh,0.85,static,random signed,63,True,0.011499582789838314
ca-HepPh,0.85,dynamic,random signed,76,True,0.014145167078822851
ca-HepPh,0.85,power,random signed,197,True,0.03678404213860631
ca-HepPh,0.85,static,random signed,62,True,0.011677459115162492
ca-HepPh,0.85,dynamic,random signed,75,True,0.015158750116825104
ca-HepPh,0.85,power,random signed,194,True,0.03374816686846316
ca-HepPh,0.85,static,random signed,61,True,0.011080625001341105
ca-HepPh,0.85,dynamic,random signed,72,True,0.01283420785330236
ca-HepPh,0.85,power,random signed,186,True,0.03144245804287493
ca-HepPh,0.85,static,random signed,59,True,0.010233832988888025
ca-HepPh,0.85,dynamic,random signed,64,True,0.013082207879051566
ca-HepPh,0.85,power,random signed,189,True,0.03385579097084701
ca-HepPh,0.85,static,random signed,60,True,0.010468832915648818
ca-HepPh,0.85,dynamic,random signed,68,True,0.012727332999929786
ca-HepPh,0.85,power,random signed,189,True,0.03200979204848409
ca-HepPh,0.85,static,random signed,60,True,0.012016667053103447
ca-HepPh,0.85,dynamic,random signed,67,True,0.011671709129586816
ca-HepPh,0.85,power,random signed,197,True,0.03538200003094971
ca-HepPh,0.85,static,random signed,62,True,0.012833917047828436
ca-HepPh,0.85,dynamic,random signed,75,True,0.01408504112623632
ca-HepPh,0.85,power,random signed,198,True,0.034647541120648384
ca-HepPh,0.85,static,random signed,62,True,0.012858584057539701
ca-HepPh,0.85,dynamic,random signed,74,True,0.014779249904677272
ca-HepPh,0.85,power,random signed,183,True,0.03198229195550084
ca-HepPh,0.85,static,random signed,58,True,0.012033791048452258
ca-HepPh,0.85,dynamic,random signed,61,True,0.012679249979555607
ca-HepPh,0.85,power,random signed,191,True,0.03317166608758271
ca-HepPh,0.85,static,random signed,60,True,0.01040166593156755
ca-HepPh,0.85,dynamic,random signed,69,True,0.012051125057041645
ca-HepPh,0.85,power,random signed,193,True,0.03262891690246761
ca-HepPh,0.85,static,random signed,61,True,0.012442250037565827
ca-HepPh,0.85,dynamic,random signed,71,True,0.013051250018179417
ca-HepPh,0.85,power,random signed,200,True,0.037502875085920095
ca-HepPh,0.85,static,random signed,63,True,0.012072042096406221
ca-HepPh,0.85,dynamic,random signed,78,True,0.016348332865163684
ca-HepPh,0.85,power,random signed,190,True,0.037157292012125254
ca-HepPh,0.85,static,random signed,60,True,0.01234454195946455
ca-HepPh,0.85,dynamic,random signed,68,True,0.01409616693854332
ca-HepPh,0.85,power,random signed,195,True,0.03459445899352431
ca-HepPh,0.85,static,random signed,61,True,0.01055995817296207
ca-HepPh,0.85,dynamic,random signed,73,True,0.012733625015243888
ca-HepPh,0.85,power,random signed,196,True,0.03390283300541341
ca-HepPh,0.85,static,random signed,62,True,0.010720124933868647
ca-HepPh,0.85,dynamic,random signed,74,True,0.013287957990542054
ca-HepPh,0.85,power,random signed,217,True,0.03668350004591048
ca-HepPh,0.85,static,random signed,68,True,0.011753999860957265
ca-HepPh,0.85,dynamic,random signed,95,True,0.01701729209162295
ca-HepPh,0.85,power,random signed,211,True,0.03567891684360802
ca-HepPh,0.85,static,random signed,66,True,0.011422666953876615
ca-HepPh,0.85,dynamic,random signed,88,True,0.01578349992632866
ca-HepPh,0.85,power,random signed,193,True,0.032558833016082644
ca-HepPh,0.85,static,random signed,61,True,0.010569458128884435
ca-HepPh,0.85,dynamic,random signed,71,True,0.012717291945591569
ca-HepPh,0.85,power,random signed,201,True,0.0339032921474427
ca-HepPh,0.85,static,random signed,63,True,0.010900124907493591
ca-HepPh,0.85,dynamic,random signed,78,True,0.013984958874061704
ca-HepPh,0.85,power,random signed,198,True,0.03520870907232165
ca-HepPh,0.85,static,random signed,62,True,0.01126645808108151
ca-HepPh,0.85,dynamic,random signed,76,True,0.013890125090256333
ca-HepPh,0.95,power,ones,471,True,0.08224441600032151
ca-HepPh,0.95,static,ones,88,True,0.01593666709959507
ca-HepPh,0.95,dynamic,ones,83,True,0.015194166917353868
ca-HepPh,0.95,power,random non-negative,492,True,0.0834679170511663
ca-HepPh,0.95,static,random non-negative,91,True,0.01589416596107185
ca-HepPh,0.95,dynamic,random non-negative,85,True,0.015497833024710417
ca-HepPh,0.95,power,random non-negative,492,True,0.0834834158886224
ca-HepPh,0.95,static,random non-negative,91,True,0.015816708095371723
ca-HepPh,0.95,dynamic,random non-negative,85,True,0.015529375057667494
ca-HepPh,0.95,power,random non-negative,493,True,0.0862058331258595
ca-HepPh,0.95,static,random non-negative,91,True,0.017946749925613403
ca-HepPh,0.95,dynamic,random non-negative,85,True,0.016012375010177493
ca-HepPh,0.95,power,random non-negative,493,True,0.08631016593426466
ca-HepPh,0.95,static,random non-negative,91,True,0.01845950004644692
ca-HepPh,0.95,dynamic,random non-negative,85,True,0.017706749960780144
ca-HepPh,0.95,power,random non-negative,491,True,0.09572475007735193
ca-HepPh,0.95,static,random non-negative,91,True,0.018787166103720665
ca-HepPh,0.95,dynamic,random non-negative,85,True,0.01774958404712379
ca-HepPh,0.95,power,random non-negative,492,True,0.08358395798131824
ca-HepPh,0.95,static,random non-negative,91,True,0.0188746671192348
ca-HepPh,0.95,dynamic,random non-negative,85,True,0.01761366706341505
ca-HepPh,0.95,power,random non-negative,493,True,0.08370379195548594
ca-HepPh,0.95,static,random non-negative,91,True,0.015846916008740664
ca-HepPh,0.95,dynamic,random non-negative,85,True,0.017723416909575462
ca-HepPh,0.95,power,random non-negative,491,True,0.08332916721701622
ca-HepPh,0.95,static,random non-negative,91,True,0.01582925021648407
ca-HepPh,0.95,dynamic,random non-negative,85,True,0.01772029185667634
ca-HepPh,0.95,power,random non-negative,493,True,0.0909605419728905
ca-HepPh,0.95,static,random non-negative,91,True,0.018930000020191073
ca-HepPh,0.95,dynamic,random non-negative,85,True,0.015500833978876472
ca-HepPh,0.95,power,random non-negative,492,True,0.08398812497034669
ca-HepPh,0.95,static,random non-negative,91,True,0.01589233404956758
ca-HepPh,0.95,dynamic,random non-negative,85,True,0.015032417140901089
ca-HepPh,0.95,power,random non-negative,491,True,0.09188116597943008
ca-HepPh,0.95,static,random non-negative,91,True,0.017482625087723136
ca-HepPh,0.95,dynamic,random non-negative,85,True,0.015780708054080606
ca-HepPh,0.95,power,random non-negative,492,True,0.08646808308549225
ca-HepPh,0.95,static,random non-negative,91,True,0.018755000084638596
ca-HepPh,0.95,dynamic,random non-negative,85,True,0.017730167135596275
ca-HepPh,0.95,power,random non-negative,492,True,0.08459779201075435
ca-HepPh,0.95,static,random non-negative,91,True,0.016738667152822018
ca-HepPh,0.95,dynamic,random non-negative,85,True,0.015766042051836848
ca-HepPh,0.95,power,random non-negative,490,True,0.08634899999015033
ca-HepPh,0.95,static,random non-negative,91,True,0.016103958012536168
ca-HepPh,0.95,dynamic,random non-negative,85,True,0.01659779204055667
ca-HepPh,0.95,power,random non-negative,492,True,0.0835891249589622
ca-HepPh,0.95,static,random non-negative,91,True,0.015792333986610174
ca-HepPh,0.95,dynamic,random non-negative,85,True,0.014946124982088804
ca-HepPh,0.95,power,random non-negative,492,True,0.08404733403585851
ca-HepPh,0.95,static,random non-negative,91,True,0.018898583948612213
ca-HepPh,0.95,dynamic,random non-negative,85,True,0.017921500140801072
ca-HepPh,0.95,power,random non-negative,493,True,0.08493883302435279
ca-HepPh,0.95,static,random non-negative,91,True,0.017696291906759143
ca-HepPh,0.95,dynamic,random non-negative,85,True,0.01666883286088705
ca-HepPh,0.95,power,random non-negative,493,True,0.084188416833058
ca-HepPh,0.95,static,random non-negative,91,True,0.018513707909733057
ca-HepPh,0.95,dynamic,random non-negative,85,True,0.01718937512487173
ca-HepPh,0.95,power,random non-negative,492,True,0.08358433283865452
ca-HepPh,0.95,static,random non-negative,91,True,0.018766666995361447
ca-HepPh,0.95,dynamic,random non-negative,85,True,0.017223292030394077
ca-HepPh,0.95,power,random non-negative,492,True,0.09111804096028209
ca-HepPh,0.95,static,random non-negative,91,True,0.01583358319476247
ca-HepPh,0.95,dynamic,random non-negative,85,True,0.01737733301706612
ca-HepPh,0.95,power,random non-negative,493,True,0.08442120812833309
ca-HepPh,0.95,static,random non-negative,91,True,0.015850333962589502
ca-HepPh,0.95,dynamic,random non-negative,85,True,0.01743124984204769
ca-HepPh,0.95,power,random non-negative,493,True,0.08353708405047655
ca-HepPh,0.95,static,random non-negative,91,True,0.01580783282406628
ca-HepPh,0.95,dynamic,random non-negative,85,True,0.017359375022351742
ca-HepPh,0.95,power,random non-negative,492,True,0.08337791683152318
ca-HepPh,0.95,static,random non-negative,91,True,0.015807874966412783
ca-HepPh,0.95,dynamic,random non-negative,85,True,0.017318292055279016
ca-HepPh,0.95,power,random non-negative,493,True,0.08333866694010794
ca-HepPh,0.95,static,random non-negative,91,True,0.015818791929632425
ca-HepPh,0.95,dynamic,random non-negative,85,True,0.01719450019299984
ca-HepPh,0.95,power,random non-negative,492,True,0.08320291712880135
ca-HepPh,0.95,static,random non-negative,91,True,0.018271292094141245
ca-HepPh,0.95,dynamic,random non-negative,85,True,0.01717270794324577
ca-HepPh,0.95,power,random non-negative,492,True,0.08877404197119176
ca-HepPh,0.95,static,random non-negative,91,True,0.017162415897473693
ca-HepPh,0.95,dynamic,random non-negative,85,True,0.015418834052979946
ca-HepPh,0.95,power,random non-negative,493,True,0.08537841704674065
ca-HepPh,0.95,static,random non-negative,91,True,0.018583917059004307
ca-HepPh,0.95,dynamic,random non-negative,85,True,0.01725741708651185
ca-HepPh,0.95,power,random non-negative,492,True,0.08948366693221033
ca-HepPh,0.95,static,random non-negative,91,True,0.017893292009830475
ca-HepPh,0.95,dynamic,random non-negative,85,True,0.017847791081294417
ca-HepPh,0.95,power,random non-negative,493,True,0.08526254212483764
ca-HepPh,0.95,static,random non-negative,91,True,0.01611933298408985
ca-HepPh,0.95,dynamic,random non-negative,85,True,0.015549583127722144
ca-HepPh,0.95,power,random non-negative,492,True,0.08853237493894994
ca-HepPh,0.95,static,random non-negative,91,True,0.016602625139057636
ca-HepPh,0.95,dynamic,random non-negative,85,True,0.01559358392842114
ca-HepPh,0.95,power,random non-negative,491,True,0.08377741603180766
ca-HepPh,0.95,static,random non-negative,91,True,0.01589570799842477
ca-HepPh,0.95,dynamic,random non-negative,85,True,0.015612166840583086
ca-HepPh,0.95,power,random non-negative,492,True,0.08378733391873538
ca-HepPh,0.95,static,random non-negative,91,True,0.015857291873544455
ca-HepPh,0.95,dynamic,random non-negative,85,True,0.015566249843686819
ca-HepPh,0.95,power,random non-negative,491,True,0.08402987499721348
ca-HepPh,0.95,static,random non-negative,91,True,0.015870291041210294
ca-HepPh,0.95,dynamic,random non-negative,85,True,0.015227458905428648
ca-HepPh,0.95,power,random non-negative,491,True,0.0829695831052959
ca-HepPh,0.95,static,random non-negative,91,True,0.018500500125810504
ca-HepPh,0.95,dynamic,random non-negative,85,True,0.017105665989220142
ca-HepPh,0.95,power,random non-negative,493,True,0.08643083414062858
ca-HepPh,0.95,static,random non-negative,91,True,0.017476749839261174
ca-HepPh,0.95,dynamic,random non-negative,85,True,0.018343916861340404
ca-HepPh,0.95,power,random non-negative,493,True,0.08508854196406901
ca-HepPh,0.95,static,random non-negative,91,True,0.019194750115275383
ca-HepPh,0.95,dynamic,random non-negative,85,True,0.01793554099276662
ca-HepPh,0.95,power,random non-negative,493,True,0.08458458306267858
ca-HepPh,0.95,static,random non-negative,91,True,0.017973999958485365
ca-HepPh,0.95,dynamic,random non-negative,85,True,0.01760066719725728
ca-HepPh,0.95,power,random non-negative,493,True,0.08678987482562661
ca-HepPh,0.95,static,random non-negative,91,True,0.01886908314190805
ca-HepPh,0.95,dynamic,random non-negative,85,True,0.018090042052790523
ca-HepPh,0.95,power,random non-negative,491,True,0.0900201250333339
ca-HepPh,0.95,static,random non-negative,91,True,0.01827645907178521
ca-HepPh,0.95,dynamic,random non-negative,85,True,0.017688499996438622
ca-HepPh,0.95,power,random non-negative,494,True,0.08990729111246765
ca-HepPh,0.95,static,random non-negative,91,True,0.016626583877950907
ca-HepPh,0.95,dynamic,random non-negative,85,True,0.016131874872371554
ca-HepPh,0.95,power,random non-negative,491,True,0.08357158303260803
ca-HepPh,0.95,static,random non-negative,91,True,0.0161850000731647
ca-HepPh,0.95,dynamic,random non-negative,85,True,0.014949582982808352
ca-HepPh,0.95,power,random non-negative,490,True,0.08674070914275944
ca-HepPh,0.95,static,random non-negative,91,True,0.01837587496265769
ca-HepPh,0.95,dynamic,random non-negative,85,True,0.01750112511217594
ca-HepPh,0.95,power,random non-negative,492,True,0.0839754999615252
ca-HepPh,0.95,static,random non-negative,91,True,0.018353999825194478
ca-HepPh,0.95,dynamic,random non-negative,85,True,0.017605416011065245
ca-HepPh,0.95,power,random non-negative,492,True,0.08765666699036956
ca-HepPh,0.95,static,random non-negative,91,True,0.018981875153258443
ca-HepPh,0.95,dynamic,random non-negative,85,True,0.01587100001052022
ca-HepPh,0.95,power,random non-negative,492,True,0.09121416695415974
ca-HepPh,0.95,static,random non-negative,91,True,0.01784979086369276
ca-HepPh,0.95,dynamic,random non-negative,85,True,0.016622666968032718
ca-HepPh,0.95,power,random non-negative,493,True,0.08624654216691852
ca-HepPh,0.95,static,random non-negative,91,True,0.019907666835933924
ca-HepPh,0.95,dynamic,random non-negative,85,True,0.015903125051409006
ca-HepPh,0.95,power,random non-negative,493,True,0.08695320808328688
ca-HepPh,0.95,static,random non-negative,91,True,0.01589379203505814
ca-HepPh,0.95,dynamic,random non-negative,85,True,0.01566670904867351
ca-HepPh,0.95,power,random non-negative,493,True,0.08366854209452868
ca-HepPh,0.95,static,random non-negative,91,True,0.018423291854560375
ca-HepPh,0.95,dynamic,random non-negative,85,True,0.017437207978218794
ca-HepPh,0.95,power,random non-negative,493,True,0.09059650008566678
ca-HepPh,0.95,static,random non-negative,91,True,0.017534000100567937
ca-HepPh,0.95,dynamic,random non-negative,85,True,0.016148917144164443
ca-HepPh,0.95,power,random non-negative,490,True,0.08351891697384417
ca-HepPh,0.95,static,random non-negative,91,True,0.01777795795351267
ca-HepPh,0.95,dynamic,random non-negative,85,True,0.01583908312022686
ca-HepPh,0.95,power,random signed,587,True,0.10367212491109967
ca-HepPh,0.95,static,random signed,107,True,0.01901520905084908
ca-HepPh,0.95,dynamic,random signed,140,True,0.028455791994929314
ca-HepPh,0.95,power,random signed,674,True,0.11708862497471273
ca-HepPh,0.95,static,random signed,121,True,0.02106699999421835
ca-HepPh,0.95,dynamic,random signed,224,True,0.040197583148255944
ca-HepPh,0.95,power,random signed,585,True,0.10172420809976757
ca-HepPh,0.95,static,random signed,106,True,0.02028149995021522
ca-HepPh,0.95,dynamic,random signed,137,True,0.027494250098243356
ca-HepPh,0.95,power,random signed,590,True,0.10177199984900653
ca-HepPh,0.95,static,random signed,107,True,0.02157858293503523
ca-HepPh,0.95,dynamic,random signed,143,True,0.028713583014905453
ca-HepPh,0.95,power,random signed,592,True,0.10173900006338954
ca-HepPh,0.95,static,random signed,107,True,0.020028083119541407
ca-HepPh,0.95,dynamic,random signed,143,True,0.026991666993126273
ca-HepPh,0.95,power,random signed,581,True,0.10879962495528162
ca-HepPh,0.95,static,random signed,106,True,0.020946458913385868
ca-HepPh,0.95,dynamic,random signed,133,True,0.024441166082397103
ca-HepPh,0.95,power,random signed,606,True,0.1082914168946445
ca-HepPh,0.95,static,random signed,110,True,0.02279204106889665
ca-HepPh,0.95,dynamic,random signed,159,True,0.030077625066041946
ca-HepPh,0.95,power,random signed,583,True,0.10424754093401134
ca-HepPh,0.95,static,random signed,106,True,0.019942708080634475
ca-HepPh,0.95,dynamic,random signed,136,True,0.029637583065778017
ca-HepPh,0.95,power,random signed,596,True,0.1025694590061903
ca-HepPh,0.95,static,random signed,108,True,0.019872625125572085
ca-HepPh,0.95,dynamic,random signed,148,True,0.031117833917960525
ca-HepPh,0.95,power,random signed,601,True,0.10492112510837615
ca-HepPh,0.95,static,random signed,109,True,0.022906624944880605
ca-HepPh,0.95,dynamic,random signed,154,True,0.03204370802268386
ca-HepPh,0.95,power,random signed,600,True,0.10315000009723008
ca-HepPh,0.95,static,random signed,109,True,0.019915249897167087
ca-HepPh,0.95,dynamic,random signed,154,True,0.02729512518271804
ca-HepPh,0.95,power,random signed,600,True,0.11088183289393783
ca-HepPh,0.95,static,random signed,109,True,0.019093875074759126
ca-HepPh,0.95,dynamic,random signed,153,True,0.030496708117425442
ca-HepPh,0.95,power,random signed,596,True,0.1026056248228997
ca-HepPh,0.95,static,random signed,108,True,0.019645417109131813
ca-HepPh,0.95,dynamic,random signed,150,True,0.030374292051419616
ca-HepPh,0.95,power,random signed,605,True,0.10840166709385812
ca-HepPh,0.95,static,random signed,110,True,0.022778708022087812
ca-HepPh,0.95,dynamic,random signed,158,True,0.03295512497425079
ca-HepPh,0.95,power,random signed,599,True,0.11691870796494186
ca-HepPh,0.95,static,random signed,109,True,0.022594833048060536
ca-HepPh,0.95,dynamic,random signed,153,True,0.032123666955158114
ca-HepPh,0.95,power,random signed,603,True,0.10167729086242616
ca-HepPh,0.95,static,random signed,109,True,0.021926832851022482
ca-HepPh,0.95,dynamic,random signed,155,True,0.03125441703014076
ca-HepPh,0.95,power,random signed,617,True,0.10397487482987344
ca-HepPh,0.95,static,random signed,111,True,0.022286874940618873
ca-HepPh,0.95,dynamic,random signed,170,True,0.03411008417606354
ca-HepPh,0.95,power,random signed,621,True,0.11486337496899068
ca-HepPh,0.95,static,random signed,112,True,0.02038258290849626
ca-HepPh,0.95,dynamic,random signed,173,True,0.03161016711965203
ca-HepPh,0.95,power,random signed,618,True,0.10507400007918477
ca-HepPh,0.95,static,random signed,112,True,0.02030041697435081
ca-HepPh,0.95,dynamic,random signed,171,True,0.03126054210588336
ca-HepPh,0.95,power,random signed,587,True,0.09925370896235108
ca-HepPh,0.95,static,random signed,107,True,0.02149437484331429
ca-HepPh,0.95,dynamic,random signed,140,True,0.02823754190467298
ca-HepPh,0.95,power,random signed,594,True,0.11097145802341402
ca-HepPh,0.95,static,random signed,108,True,0.02102866698987782
ca-HepPh,0.95,dynamic,random signed,147,True,0.027282875031232834
ca-HepPh,0.95,power,random signed,616,True,0.10677404212765396
ca-HepPh,0.95,static,random signed,111,True,0.01997658284381032
ca-HepPh,0.95,dynamic,random signed,168,True,0.035027583129704
ca-HepPh,0.95,power,random signed,592,True,0.10987466596998274
ca-HepPh,0.95,static,random signed,107,True,0.02012208290398121
ca-HepPh,0.95,dynamic,random signed,144,True,0.027389541966840625
ca-HepPh,0.95,power,random signed,585,True,0.10788483289070427
ca-HepPh,0.95,static,random signed,106,True,0.020159041043370962
ca-HepPh,0.95,dynamic,random signed,138,True,0.026862167054787278
ca-HepPh,0.95,power,random signed,606,True,0.11196766700595617
ca-HepPh,0.95,static,random signed,110,True,0.01918475003913045
ca-HepPh,0.95,dynamic,random signed,158,True,0.03250633296556771
ca-HepPh,0.95,power,random signed,587,True,0.10270270798355341
ca-HepPh,0.95,static,random signed,107,True,0.018664666218683124
ca-HepPh,0.95,dynamic,random signed,140,True,0.0249424169305712
ca-HepPh,0.95,power,random signed,588,True,0.10390966688282788
ca-HepPh,0.95,static,random signed,107,True,0.020309834042564034
ca-HepPh,0.95,dynamic,random signed,141,True,0.026866666041314602
ca-HepPh,0.95,power,random signed,597,True,0.10647345916368067
ca-HepPh,0.95,static,random signed,108,True,0.019814708968624473
ca-HepPh,0.95,dynamic,random signed,148,True,0.0295199160464108
ca-HepPh,0.95,power,random signed,592,True,0.11345779220573604
ca-HepPh,0.95,static,random signed,107,True,0.01949216704815626
ca-HepPh,0.95,dynamic,random signed,145,True,0.027659958926960826
ca-HepPh,0.95,power,random signed,598,True,0.10387583309784532
ca-HepPh,0.95,static,random signed,108,True,0.02199062518775463
ca-HepPh,0.95,dynamic,random signed,152,True,0.03092779195867479
ca-HepPh,0.95,power,random signed,575,True,0.10833325004205108
ca-HepPh,0.95,static,random signed,105,True,0.02121874992735684
ca-HepPh,0.95,dynamic,random signed,127,True,0.025140917161479592
ca-HepPh,0.95,power,random signed,604,True,0.10711545892991126
ca-HepPh,0.95,static,random signed,109,True,0.01894400012679398
ca-HepPh,0.95,dynamic,random signed,158,True,0.02852633292786777
ca-HepPh,0.95,power,random signed,621,True,0.1086101250257343
ca-HepPh,0.95,static,random signed,112,True,0.022937332978472114
ca-HepPh,0.95,dynamic,random signed,175,True,0.03171329200267792
ca-HepPh,0.95,power,random signed,613,True,0.10821733414195478
ca-HepPh,0.95,static,random signed,111,True,0.020147375063970685
ca-HepPh,0.95,dynamic,random signed,164,True,0.02862287499010563
ca-HepPh,0.95,power,random signed,587,True,0.10809812508523464
ca-HepPh,0.95,static,random signed,107,True,0.019453916000202298
ca-HepPh,0.95,dynamic,random signed,139,True,0.02544325008057058
ca-HepPh,0.95,power,random signed,595,True,0.1011034999974072
ca-HepPh,0.95,static,random signed,108,True,0.01960420818068087
ca-HepPh,0.95,dynamic,random signed,147,True,0.026887666899710894
ca-HepPh,0.95,power,random signed,659,True,0.11195554095320404
ca-HepPh,0.95,static,random signed,118,True,0.020534458104521036
ca-HepPh,0.95,dynamic,random signed,213,True,0.03888541692867875
ca-HepPh,0.95,power,random signed,585,True,0.10181366605684161
ca-HepPh,0.95,static,random signed,106,True,0.019270916935056448
ca-HepPh,0.95,dynamic,random signed,140,True,0.02555254101753235
ca-HepPh,0.95,power,random signed,611,True,0.10381058300845325
ca-HepPh,0.95,static,random signed,111,True,0.020780833205208182
ca-HepPh,0.95,dynamic,random signed,165,True,0.03437612485140562
ca-HepPh,0.95,power,random signed,640,True,0.1092820418998599
ca-HepPh,0.95,static,random signed,115,True,0.023810166167095304
ca-HepPh,0.95,dynamic,random signed,193,True,0.035562000004574656
ca-HepPh,0.95,power,random signed,637,True,0.10979124996811152
ca-HepPh,0.95,static,random signed,115,True,0.02076245821081102
ca-HepPh,0.95,dynamic,random signed,188,True,0.03487520897760987
ca-HepPh,0.95,power,random signed,590,True,0.10794187500141561
ca-HepPh,0.95,static,random signed,107,True,0.019765457836911082
ca-HepPh,0.95,dynamic,random signed,144,True,0.02683524996973574
ca-HepPh,0.95,power,random signed,606,True,0.10499483300372958
ca-HepPh,0.95,static,random signed,110,True,0.02237208397127688
ca-HepPh,0.95,dynamic,random signed,157,True,0.031925166957080364
ca-HepPh,0.95,power,random signed,580,True,0.0988951250910759
ca-HepPh,0.95,static,random signed,105,True,0.021152290981262922
ca-HepPh,0.95,dynamic,random signed,133,True,0.026941249845549464
ca-HepPh,0.95,power,random signed,633,True,0.10785387502983212
ca-HepPh,0.95,static,random signed,114,True,0.019927083048969507
ca-HepPh,0.95,dynamic,random signed,186,True,0.03776316693983972
ca-HepPh,0.95,power,random signed,593,True,0.10128520801663399
ca-HepPh,0.95,static,random signed,108,True,0.019784624921157956
ca-HepPh,0.95,dynamic,random signed,148,True,0.027430833084508777
ca-HepPh,0.95,power,random signed,589,True,0.10750641697086394
ca-HepPh,0.95,static,random signed,107,True,0.019356417004019022
ca-HepPh,0.95,dynamic,random signed,142,True,0.0288849170319736
ca-HepPh,0.95,power,random signed,657,True,0.11461299983784556
ca-HepPh,0.95,static,random signed,118,True,0.020673958817496896
ca-HepPh,0.95,dynamic,random signed,206,True,0.03630595817230642
ca-HepPh,0.95,power,random signed,645,True,0.1098440841306001
ca-HepPh,0.95,static,random signed,116,True,0.020234249997884035
ca-HepPh,0.95,dynamic,random signed,199,True,0.036056875018402934
ca-HepPh,0.95,power,random signed,624,True,0.1060889579821378
ca-HepPh,0.95,static,random signed,113,True,0.019696541130542755
ca-HepPh,0.95,dynamic,random signed,176,True,0.03181666601449251
ca-HepPh,0.99,power,ones,2377,True,0.41557254106737673
ca-HepPh,0.99,static,ones,197,True,0.040443165926262736
ca-HepPh,0.99,dynamic,ones,182,True,0.032051957910880446
ca-HepPh,0.99,power,random non-negative,2479,True,0.43799554207362235
ca-HepPh,0.99,static,random non-negative,204,True,0.03685208293609321
ca-HepPh,0.99,dynamic,random non-negative,188,True,0.03369791689328849
ca-HepPh,0.99,power,random non-negative,2497,True,0.4458534170407802
ca-HepPh,0.99,static,random non-negative,206,True,0.03964766697026789
ca-HepPh,0.99,dynamic,random non-negative,190,True,0.03765950002707541
ca-HepPh,0.99,power,random non-negative,2481,True,0.4281478750053793
ca-HepPh,0.99,static,random non-negative,205,True,0.03551112487912178
ca-HepPh,0.99,dynamic,random non-negative,188,True,0.03287166706286371
ca-HepPh,0.99,power,random non-negative,2488,True,0.4290846660733223
ca-HepPh,0.99,static,random non-negative,205,True,0.035737416008487344
ca-HepPh,0.99,dynamic,random non-negative,189,True,0.038117167074233294
ca-HepPh,0.99,power,random non-negative,2483,True,0.45501245791092515
ca-HepPh,0.99,static,random non-negative,205,True,0.03773400001227856
ca-HepPh,0.99,dynamic,random non-negative,189,True,0.035103167174384
ca-HepPh,0.99,power,random non-negative,2479,True,0.4303018329665065
ca-HepPh,0.99,static,random non-negative,204,True,0.04204754182137549
ca-HepPh,0.99,dynamic,random non-negative,188,True,0.0387684169691056
ca-HepPh,0.99,power,random non-negative,2489,True,0.43566816695965827
ca-HepPh,0.99,static,random non-negative,205,True,0.03560066595673561
ca-HepPh,0.99,dynamic,random non-negative,189,True,0.033197500044479966
ca-HepPh,0.99,power,random non-negative,2480,True,0.4318817090243101
ca-HepPh,0.99,static,random non-negative,205,True,0.03902208409272134
ca-HepPh,0.99,dynamic,random non-negative,188,True,0.036278124898672104
ca-HepPh,0.99,power,random non-negative,2489,True,0.4252773749176413
ca-HepPh,0.99,static,random non-negative,205,True,0.04163254192098975
ca-HepPh,0.99,dynamic,random non-negative,189,True,0.038564625196158886
ca-HepPh,0.99,power,random non-negative,2482,True,0.43627924984321
ca-HepPh,0.99,static,random non-negative,205,True,0.03923108312301338
ca-HepPh,0.99,dynamic,random non-negative,189,True,0.0384588330052793
ca-HepPh,0.99,power,random non-negative,2480,True,0.4339765829499811
ca-HepPh,0.99,static,random non-negative,205,True,0.03568820818327367
ca-HepPh,0.99,dynamic,random non-negative,188,True,0.03565258299931884
ca-HepPh,0.99,power,random non-negative,2485,True,0.43840841692872345
ca-HepPh,0.99,static,random non-negative,205,True,0.041324124904349446
ca-HepPh,0.99,dynamic,random non-negative,189,True,0.03962054196745157
ca-HepPh,0.99,power,random non-negative,2474,True,0.42350816586986184
ca-HepPh,0.99,static,random non-negative,204,True,0.0372467921115458
ca-HepPh,0.99,dynamic,random non-negative,188,True,0.034786832984536886
ca-HepPh,0.99,power,random non-negative,2487,True,0.44886220805346966
ca-HepPh,0.99,static,random non-negative,205,True,0.042541082948446274
ca-HepPh,0.99,dynamic,random non-negative,189,True,0.03963733301497996
ca-HepPh,0.99,power,random non-negative,2475,True,0.4254958750680089
ca-HepPh,0.99,static,random non-negative,204,True,0.04068737500347197
ca-HepPh,0.99,dynamic,random non-negative,188,True,0.03454883303493261
ca-HepPh,0.99,power,random non-negative,2481,True,0.42632104200311005
ca-HepPh,0.99,static,random non-negative,205,True,0.040340041974559426
ca-HepPh,0.99,dynamic,random non-negative,188,True,0.039139000000432134
ca-HepPh,0.99,power,random non-negative,2485,True,0.4617051659151912
ca-HepPh,0.99,static,random non-negative,205,True,0.03874337486922741
ca-HepPh,0.99,dynamic,random non-negative,189,True,0.03749912488274276
ca-HepPh,0.99,power,random non-negative,2480,True,0.43805829202756286
ca-HepPh,0.99,static,random non-negative,205,True,0.03556800005026162
ca-HepPh,0.99,dynamic,random non-negative,188,True,0.03401875006966293
ca-HepPh,0.99,power,random non-negative,2476,True,0.4182515419088304
ca-HepPh,0.99,static,random non-negative,204,True,0.035368709126487374
ca-HepPh,0.99,dynamic,random non-negative,188,True,0.03288833284750581
ca-HepPh,0.99,power,random non-negative,2487,True,0.44047045800834894
ca-HepPh,0.99,static,random non-negative,205,True,0.03583641699515283
ca-HepPh,0.99,dynamic,random non-negative,189,True,0.040010583121329546
ca-HepPh,0.99,power,random non-negative,2481,True,0.44740395806729794
ca-HepPh,0.99,static,random non-negative,205,True,0.039096124935895205
ca-HepPh,0.99,dynamic,random non-negative,189,True,0.03573725000023842
ca-HepPh,0.99,power,random non-negative,2478,True,0.44711262499913573
ca-HepPh,0.99,static,random non-negative,204,True,0.04225370800122619
ca-HepPh,0.99,dynamic,random non-negative,188,True,0.039282375015318394
ca-HepPh,0.99,power,random non-negative,2482,True,0.4255263330414891
ca-HepPh,0.99,static,random non-negative,205,True,0.03600083407945931
ca-HepPh,0.99,dynamic,random non-negative,189,True,0.033376791048794985
ca-HepPh,0.99,power,random non-negative,2489,True,0.45252183312550187
ca-HepPh,0.99,static,random non-negative,205,True,0.04234562488272786
ca-HepPh,0.99,dynamic,random non-negative,189,True,0.03946191701106727
ca-HepPh,0.99,power,random non-negative,2487,True,0.42233587498776615
ca-HepPh,0.99,static,random non-negative,205,True,0.04243691707961261
ca-HepPh,0.99,dynamic,random non-negative,189,True,0.039333124877884984
ca-HepPh,0.99,power,random non-negative,2486,True,0.43258587503805757
ca-HepPh,0.99,static,random non-negative,205,True,0.03763516712933779
ca-HepPh,0.99,dynamic,random non-negative,189,True,0.034929542103782296
ca-HepPh,0.99,power,random non-negative,2491,True,0.4392161250580102
ca-HepPh,0.99,static,random non-negative,205,True,0.04196508298628032
ca-HepPh,0.99,dynamic,random non-negative,189,True,0.03751179203391075
ca-HepPh,0.99,power,random non-negative,2480,True,0.44897595909424126
ca-HepPh,0.99,static,random non-negative,205,True,0.03884054208174348
ca-HepPh,0.99,dynamic,random non-negative,188,True,0.035213499795645475
ca-HepPh,0.99,power,random non-negative,2482,True,0.4649327080696821
ca-HepPh,0.99,static,random non-negative,205,True,0.04266808298416436
ca-HepPh,0.99,dynamic,random non-negative,189,True,0.03799045807681978
ca-HepPh,0.99,power,random non-negative,2491,True,0.4463486671447754
ca-HepPh,0.99,static,random non-negative,205,True,0.038748000049963593
ca-HepPh,0.99,dynamic,random non-negative,189,True,0.038896665908396244
ca-HepPh,0.99,power,random non-negative,2478,True,0.4361999579705298
ca-HepPh,0.99,static,random non-negative,204,True,0.03742345795035362
ca-HepPh,0.99,dynamic,random non-negative,188,True,0.036193290958181024
ca-HepPh,0.99,power,random non-negative,2481,True,0.44285833393223584
ca-HepPh,0.99,static,random non-negative,205,True,0.03581074997782707
ca-HepPh,0.99,dynamic,random non-negative,188,True,0.03860837500542402
ca-HepPh,0.99,power,random non-negative,2485,True,0.4659668749663979
ca-HepPh,0.99,static,random non-negative,205,True,0.039658292196691036
ca-HepPh,0.99,dynamic,random non-negative,189,True,0.036601708037778735
ca-HepPh,0.99,power,random non-negative,2485,True,0.45243212510831654
ca-HepPh,0.99,static,random non-negative,205,True,0.03639020910486579
ca-HepPh,0.99,dynamic,random non-negative,189,True,0.038236457854509354
ca-HepPh,0.99,power,random non-negative,2485,True,0.45863666594959795
ca-HepPh,0.99,static,random non-negative,205,True,0.04262674995698035
ca-HepPh,0.99,dynamic,random non-negative,189,True,0.0397477091755718
ca-HepPh,0.99,power,random non-negative,2490,True,0.4241975829936564
ca-HepPh,0.99,static,random non-negative,205,True,0.035603584023192525
ca-HepPh,0.99,dynamic,random non-negative,189,True,0.033154833130538464
ca-HepPh,0.99,power,random non-negative,2487,True,0.472506333142519
ca-HepPh,0.99,static,random non-negative,205,True,0.04152683401480317
ca-HepPh,0.99,dynamic,random non-negative,189,True,0.03621070785447955
ca-HepPh,0.99,power,random non-negative,2483,True,0.41950966604053974
ca-HepPh,0.99,static,random non-negative,205,True,0.04149329103529453
ca-HepPh,0.99,dynamic,random non-negative,189,True,0.03824974992312491
ca-HepPh,0.99,power,random non-negative,2487,True,0.4253163749817759
ca-HepPh,0.99,static,random non-negative,205,True,0.03725641709752381
ca-HepPh,0.99,dynamic,random non-negative,189,True,0.03961979108862579
ca-HepPh,0.99,power,random non-negative,2491,True,0.44640512485057116
ca-HepPh,0.99,static,random non-negative,205,True,0.041176874889060855
ca-HepPh,0.99,dynamic,random non-negative,189,True,0.03911554114893079
ca-HepPh,0.99,power,random non-negative,2482,True,0.44514466589316726
ca-HepPh,0.99,static,random non-negative,205,True,0.04073383309878409
ca-HepPh,0.99,dynamic,random non-negative,189,True,0.03691187500953674
ca-HepPh,0.99,power,random non-negative,2483,True,0.4826509999111295
ca-HepPh,0.99,static,random non-negative,205,True,0.04243741603568196
ca-HepPh,0.99,dynamic,random non-negative,189,True,0.039506749948486686
ca-HepPh,0.99,power,random non-negative,2486,True,0.42737954086624086
ca-HepPh,0.99,static,random non-negative,205,True,0.04271079204045236
ca-HepPh,0.99,dynamic,random non-negative,189,True,0.03978225006721914
ca-HepPh,0.99,power,random non-negative,2487,True,0.42362295906059444
ca-HepPh,0.99,static,random non-negative,205,True,0.03571804100647569
ca-HepPh,0.99,dynamic,random non-negative,189,True,0.03973887488245964
ca-HepPh,0.99,power,random non-negative,2484,True,0.42716541583649814
ca-HepPh,0.99,static,random non-negative,205,True,0.03738049999810755
ca-HepPh,0.99,dynamic,random non-negative,189,True,0.03774716588668525
ca-HepPh,0.99,power,random non-negative,2488,True,0.4285065829753876
ca-HepPh,0.99,static,random non-negative,205,True,0.041651666862890124
ca-HepPh,0.99,dynamic,random non-negative,189,True,0.03830604092217982
ca-HepPh,0.99,power,random non-negative,2480,True,0.4331918340176344
ca-HepPh,0.99,static,random non-negative,205,True,0.04301779204979539
ca-HepPh,0.99,dynamic,random non-negative,188,True,0.03962574992328882
ca-HepPh,0.99,power,random non-negative,2479,True,0.4318574999924749
ca-HepPh,0.99,static,random non-negative,204,True,0.04258912499062717
ca-HepPh,0.99,dynamic,random non-negative,188,True,0.03940870915539563
ca-HepPh,0.99,power,random non-negative,2485,True,0.47180470800958574
ca-HepPh,0.99,static,random non-negative,205,True,0.041601042030379176
ca-HepPh,0.99,dynamic,random non-negative,189,True,0.03435924998484552
ca-HepPh,0.99,power,random non-negative,2488,True,0.439217499922961
ca-HepPh,0.99,static,random non-negative,205,True,0.04252420808188617
ca-HepPh,0.99,dynamic,random non-negative,189,True,0.039687874959781766
ca-HepPh,0.99,power,random signed,2961,True,0.51083775004372
ca-HepPh,0.99,static,random signed,240,True,0.050031417049467564
ca-HepPh,0.99,dynamic,random signed,458,True,0.09241995820775628
ca-HepPh,0.99,power,random signed,2928,True,0.5050449578557163
ca-HepPh,0.99,static,random signed,237,True,0.048997166100889444
ca-HepPh,0.99,dynamic,random signed,425,True,0.08634150004945695
ca-HepPh,0.99,power,random signed,3035,True,0.5254742079414427
ca-HepPh,0.99,static,random signed,245,True,0.048849584069103
ca-HepPh,0.99,dynamic,random signed,527,True,0.09652633382938802
ca-HepPh,0.99,power,random signed,2935,True,0.508799291215837
ca-HepPh,0.99,static,random signed,238,True,0.04808870796114206
ca-HepPh,0.99,dynamic,random signed,434,True,0.08790162485092878
ca-HepPh,0.99,power,random signed,2990,True,0.57349650003016
ca-HepPh,0.99,static,random signed,242,True,0.047318125143647194
ca-HepPh,0.99,dynamic,random signed,477,True,0.08390591689385474
ca-HepPh,0.99,power,random signed,3095,True,0.5711636249907315
ca-HepPh,0.99,static,random signed,249,True,0.0516187499742955
ca-HepPh,0.99,dynamic,random signed,584,True,0.1236068750731647
ca-HepPh,0.99,power,random signed,3142,True,0.5651262081228197
ca-HepPh,0.99,static,random signed,253,True,0.051360500045120716
ca-HepPh,0.99,dynamic,random signed,632,True,0.12873358302749693
ca-HepPh,0.99,power,random signed,2984,True,0.5491565419360995
ca-HepPh,0.99,static,random signed,241,True,0.044568875106051564
ca-HepPh,0.99,dynamic,random signed,481,True,0.09516895795240998
ca-HepPh,0.99,power,random signed,3052,True,0.5638709580525756
ca-HepPh,0.99,static,random signed,246,True,0.0477788751013577
ca-HepPh,0.99,dynamic,random signed,536,True,0.10796487494371831
ca-HepPh,0.99,power,random signed,3085,True,0.549873166019097
ca-HepPh,0.99,static,random signed,249,True,0.043222458101809025
ca-HepPh,0.99,dynamic,random signed,576,True,0.1004421659745276
ca-HepPh,0.99,power,random signed,2942,True,0.5162355829961598
ca-HepPh,0.99,static,random signed,238,True,0.048253624932840466
ca-HepPh,0.99,dynamic,random signed,435,True,0.0883346670307219
ca-HepPh,0.99,power,random signed,3004,True,0.5128765418194234
ca-HepPh,0.99,static,random signed,243,True,0.05003416701219976
ca-HepPh,0.99,dynamic,random signed,500,True,0.09000262501649559
ca-HepPh,0.99,power,random signed,3004,True,0.5224669999442995
ca-HepPh,0.99,static,random signed,243,True,0.04900879203341901
ca-HepPh,0.99,dynamic,random signed,499,True,0.1009952500462532
ca-HepPh,0.99,power,random signed,2943,True,0.530106958001852
ca-HepPh,0.99,static,random signed,238,True,0.0494696251116693
ca-HepPh,0.99,dynamic,random signed,440,True,0.09184662508778274
ca-HepPh,0.99,power,random signed,3053,True,0.5366415411699563
ca-HepPh,0.99,static,random signed,246,True,0.04588175006210804
ca-HepPh,0.99,dynamic,random signed,549,True,0.11206875019706786
ca-HepPh,0.99,power,random signed,3205,True,0.5816833751741797
ca-HepPh,0.99,static,random signed,257,True,0.04902870790101588
ca-HepPh,0.99,dynamic,random signed,692,True,0.13594620791263878
ca-HepPh,0.99,power,random signed,2997,True,0.5408970841672271
ca-HepPh,0.99,static,random signed,242,True,0.05007608304731548
ca-HepPh,0.99,dynamic,random signed,489,True,0.10186524991877377
ca-HepPh,0.99,power,random signed,3046,True,0.5269655419979244
ca-HepPh,0.99,static,random signed,246,True,0.04865900008007884
ca-HepPh,0.99,dynamic,random signed,528,True,0.10113004106096923
ca-HepPh,0.99,power,random signed,2953,True,0.5042646250221878
ca-HepPh,0.99,static,random signed,239,True,0.047932791989296675
ca-HepPh,0.99,dynamic,random signed,452,True,0.0921379579231143
ca-HepPh,0.99,power,random signed,2955,True,0.5356815000995994
ca-HepPh,0.99,static,random signed,239,True,0.04953570803627372
ca-HepPh,0.99,dynamic,random signed,451,True,0.09394899988546968
ca-HepPh,0.99,power,random signed,3145,True,0.5410807500593364
ca-HepPh,0.99,static,random signed,253,True,0.04710587509907782
ca-HepPh,0.99,dynamic,random signed,640,True,0.12394695798866451
ca-HepPh,0.99,power,random signed,2999,True,0.5076252918224782
ca-HepPh,0.99,static,random signed,242,True,0.04202995798550546
ca-HepPh,0.99,dynamic,random signed,493,True,0.09434662503190339
ca-HepPh,0.99,power,random signed,3070,True,0.5433024158701301
ca-HepPh,0.99,static,random signed,248,True,0.04822962498292327
ca-HepPh,0.99,dynamic,random signed,563,True,0.11216358398087323
ca-HepPh,0.99,power,random signed,3055,True,0.5299909170717001
ca-HepPh,0.99,static,random signed,247,True,0.04952529212459922
ca-HepPh,0.99,dynamic,random signed,544,True,0.11520466720685363
ca-HepPh,0.99,power,random signed,2986,True,0.5555445828940719
ca-HepPh,0.99,static,random signed,242,True,0.04852174990810454
ca-HepPh,0.99,dynamic,random signed,479,True,0.0991893750615418
ca-HepPh,0.99,power,random signed,3205,True,0.5812660830561072
ca-HepPh,0.99,static,random signed,257,True,0.05147833307273686
ca-HepPh,0.99,dynamic,random signed,696,True,0.14030658407136798
ca-HepPh,0.99,power,random signed,3117,True,0.5718310419470072
ca-HepPh,0.99,static,random signed,251,True,0.05188024998642504
ca-HepPh,0.99,dynamic,random signed,605,True,0.12608850002288818
ca-HepPh,0.99,power,random signed,3061,True,0.5242783329449594
ca-HepPh,0.99,static,random signed,247,True,0.04434458399191499
ca-HepPh,0.99,dynamic,random signed,555,True,0.10066929087042809
ca-HepPh,0.99,power,random signed,3072,True,0.5510470829904079
ca-HepPh,0.99,static,random signed,248,True,0.0455528749153018
ca-HepPh,0.99,dynamic,random signed,565,True,0.11060687503777444
ca-HepPh,0.99,power,random signed,3158,True,0.5615073749795556
ca-HepPh,0.99,static,random signed,254,True,0.048338500084355474
ca-HepPh,0.99,dynamic,random signed,651,True,0.12314245896413922
ca-HepPh,0.99,power,random signed,3133,True,0.5753482501022518
ca-HepPh,0.99,static,random signed,252,True,0.04604916600510478
ca-HepPh,0.99,dynamic,random signed,627,True,0.11469166609458625
ca-HepPh,0.99,power,random signed,3011,True,0.5193006249610335
ca-HepPh,0.99,static,random signed,243,True,0.050558374961838126
ca-HepPh,0.99,dynamic,random signed,505,True,0.10566604183986783
ca-HepPh,0.99,power,random signed,3094,True,0.5420750000048429
ca-HepPh,0.99,static,random signed,249,True,0.052193749928846955
ca-HepPh,0.99,dynamic,random signed,573,True,0.12015620898455381
ca-HepPh,0.99,power,random signed,3222,True,0.553103833924979
ca-HepPh,0.99,static,random signed,259,True,0.04538687504827976
ca-HepPh,0.99,dynamic,random signed,710,True,0.12555416696704924
ca-HepPh,0.99,power,random signed,3011,True,0.5133314169943333
ca-HepPh,0.99,static,random signed,243,True,0.04231812502257526
ca-HepPh,0.99,dynamic,random signed,497,True,0.0897126249037683
ca-HepPh,0.99,power,random signed,3009,True,0.5145912088919431
ca-HepPh,0.99,static,random signed,243,True,0.0505320830270648
ca-HepPh,0.99,dynamic,random signed,501,True,0.10550016700290143
ca-HepPh,0.99,power,random signed,3128,True,0.5500615409109741
ca-HepPh,0.99,static,random signed,252,True,0.05205691582523286
ca-HepPh,0.99,dynamic,random signed,610,True,0.12428608303889632
ca-HepPh,0.99,power,random signed,3117,True,0.5920102500822395
ca-HepPh,0.99,static,random signed,251,True,0.05028524994850159
ca-HepPh,0.99,dynamic,random signed,606,True,0.12245591706596315
ca-HepPh,0.99,power,random signed,3534,True,0.6858160831034184
ca-HepPh,0.99,static,random signed,281,True,0.05676779197528958
ca-HepPh,0.99,dynamic,random signed,1018,True,0.19664404215291142
ca-HepPh,0.99,power,random signed,2929,True,0.5086602920200676
ca-HepPh,0.99,static,random signed,237,True,0.041547167114913464
ca-HepPh,0.99,dynamic,random signed,427,True,0.07540145912207663
ca-HepPh,0.99,power,random signed,3013,True,0.565260750008747
ca-HepPh,0.99,static,random signed,243,True,0.047874041832983494
ca-HepPh,0.99,dynamic,random signed,506,True,0.10691450000740588
ca-HepPh,0.99,power,random signed,3143,True,0.5791532909497619
ca-HepPh,0.99,static,random signed,253,True,0.04426324996165931
ca-HepPh,0.99,dynamic,random signed,623,True,0.10965941590256989
ca-HepPh,0.99,power,random signed,3188,True,0.547861292026937
ca-HepPh,0.99,static,random signed,256,True,0.05202524992637336
ca-HepPh,0.99,dynamic,random signed,688,True,0.13998683309182525
ca-HepPh,0.99,power,random signed,3158,True,0.5502400838304311
ca-HepPh,0.99,static,random signed,254,True,0.04440395813435316
ca-HepPh,0.99,dynamic,random signed,643,True,0.11296649998985231
ca-HepPh,0.99,power,random signed,3009,True,0.5115128750912845
ca-HepPh,0.99,static,random signed,243,True,0.04236516682431102
ca-HepPh,0.99,dynamic,random signed,505,True,0.0913319168612361
ca-HepPh,0.99,power,random signed,3016,True,0.5425501249264926
ca-HepPh,0.99,static,random signed,244,True,0.04263541684485972
ca-HepPh,0.99,dynamic,random signed,500,True,0.09038349986076355
ca-HepPh,0.99,power,random signed,3049,True,0.5432230420410633
ca-HepPh,0.99,static,random signed,246,True,0.04997599986381829
ca-HepPh,0.99,dynamic,random signed,537,True,0.10688629117794335
ca-HepPh,0.99,power,random signed,2973,True,0.5352567499503493
ca-HepPh,0.99,static,random signed,241,True,0.05020120902918279
ca-HepPh,0.99,dynamic,random signed,470,True,0.09832687489688396
ca-HepPh,0.99,power,random signed,2945,True,0.5461426670663059
ca-HepPh,0.99,static,random signed,239,True,0.04576854105107486
ca-HepPh,0.99,dynamic,random signed,441,True,0.0769191668368876
ca-HepPh,0.99,power,random signed,3127,True,0.5595481658820063
ca-HepPh,0.99,static,random signed,252,True,0.04826133302412927
ca-HepPh,0.99,dynamic,random signed,622,True,0.11786958295851946
