graph,n,nnz,d,method,matvecs,converged,time_s,residual,speedup,predicted_speedup,pct_of_theory,max_abs_imag
ca-GrQc,5242,28968,0.85,power,157,True,0.006052792072296143,9.879520233703177e-13,1.0,3.603774859645975,27.748681284108777,4.95231306820818e-15
ca-GrQc,5242,28968,0.85,static,51,True,0.0020822498481720686,6.872058154743885e-13,3.0784313725490198,3.603774859645975,85.42241101186428,4.95231306820818e-15
ca-GrQc,5242,28968,0.85,dynamic,48,True,0.0020201250445097685,7.509632886700239e-13,3.2708333333333335,3.603774859645975,90.76131170010581,4.95231306820818e-15
ca-GrQc,5242,28968,0.9,power,242,True,0.008594249840825796,9.802942661180114e-13,1.0,4.433779629746542,22.554120491034986,4.95231306820818e-15
ca-GrQc,5242,28968,0.9,static,64,True,0.002570417011156678,6.744286692925891e-13,3.78125,4.433779629746542,85.28276810672604,4.95231306820818e-15
ca-GrQc,5242,28968,0.9,dynamic,60,True,0.0025002500042319298,6.973524355842869e-13,4.033333333333333,4.433779629746542,90.96828598050777,4.95231306820818e-15
ca-GrQc,5242,28968,0.95,power,496,True,0.01867770799435675,9.941387367734086e-13,1.0,6.297829826079716,15.878485567503525,4.95231306820818e-15
ca-GrQc,5242,28968,0.95,static,92,True,0.0034576670732349157,7.940153052509218e-13,5.391304347826087,6.297829826079716,85.60574827697553,4.95231306820818e-15
ca-GrQc,5242,28968,0.95,dynamic,85,True,0.0032747501973062754,9.484545210010865e-13,5.8352941176470585,6.297829826079716,92.65563342919704,4.95231306820818e-15
ca-GrQc,5242,28968,0.99,power,2522,True,0.09484391706064343,9.941536350259166e-13,1.0,14.130317913366113,7.076981608843228,4.95231306820818e-15
ca-GrQc,5242,28968,0.99,static,208,True,0.010366084054112434,8.820386784373896e-13,12.125,14.130317913366113,85.80840200722415,4.95231306820818e-15
ca-GrQc,5242,28968,0.99,dynamic,192,True,0.007787166861817241,8.686330997486141e-13,13.135416666666666,14.130317913366113,92.95910217449281,4.95231306820818e-15
ca-GrQc,5242,28968,0.999,power,25262,True,0.9410891248844564,9.99719586738489e-13,1.0,44.717631744576906,2.2362543833088258,4.95231306820818e-15
ca-GrQc,5242,28968,0.999,static,656,True,0.024212000193074346,9.96072266054426e-13,38.50914634146341,44.717631744576906,86.11624730357859,4.95231306820818e-15
ca-GrQc,5242,28968,0.999,dynamic,634,True,0.025265458039939404,9.893842893214713e-13,39.845425867507885,44.717631744576906,89.10450825102137,4.95231306820818e-15
ca-HepTh,9877,51946,0.85,power,154,True,0.008949249982833862,8.713954560965474e-13,1.0,3.603774859645975,27.748681284108777,5.544782660158956e-09
ca-HepTh,9877,51946,0.85,static,50,True,0.0031131249852478504,6.677187637039892e-13,3.08,3.603774859645975,85.46593835505503,5.544782660158956e-09
ca-HepTh,9877,51946,0.85,dynamic,48,True,0.0030838330276310444,5.84907101328794e-13,3.2083333333333335,3.603774859645975,89.027019119849,5.544782660158956e-09
ca-HepTh,9877,51946,0.9,power,236,True,0.013359540840610862,9.969833549068467e-13,1.0,4.433779629746542,22.554120491034986,5.544782660158956e-09
ca-HepTh,9877,51946,0.9,static,62,True,0.0038166670128703117,9.103139053870984e-13,3.806451612903226,4.433779629746542,85.85116832071382,5.544782660158956e-09
ca-HepTh,9877,51946,0.9,dynamic,59,True,0.0037355420645326376,7.656119392689265e-13,4.0,4.433779629746542,90.21648196413994,5.544782660158956e-09
ca-HepTh,9877,51946,0.95,power,484,True,0.02473649987950921,9.994216103814472e-13,1.0,6.297829826079716,15.878485567503525,5.544782660158956e-09
ca-HepTh,9877,51946,0.95,static,90,True,0.00494000012986362,8.102438792249131e-13,5.377777777777778,6.297829826079716,85.39096682968562,5.544782660158956e-09
ca-HepTh,9877,51946,0.95,dynamic,84,True,0.005325083155184984,8.573483790809944e-13,5.761904761904762,6.297829826079716,91.49032160323459,5.544782660158956e-09
ca-HepTh,9877,51946,0.99,power,2466,True,0.12612266605719924,9.91711075358659e-13,1.0,14.130317913366113,7.076981608843228,5.544782660158956e-09
ca-HepTh,9877,51946,0.99,static,203,True,0.01261816592887044,9.96597225936556e-13,12.147783251231527,14.130317913366113,85.9696386571793,5.544782660158956e-09
ca-HepTh,9877,51946,0.99,dynamic,187,True,0.011855915887281299,9.546510233173312e-13,13.18716577540107,14.130317913366113,93.32532966528022,5.544782660158956e-09
ca-HepTh,9877,51946,0.999,power,24736,True,1.3094448340125382,9.995625954812883e-13,1.0,44.717631744576906,2.2362543833088258,5.544782660158956e-09
ca-HepTh,9877,51946,0.999,static,644,True,0.03850066591985524,9.89918463122382e-13,38.409937888198755,44.717631744576906,85.8943919651042,5.544782660158956e-09
ca-HepTh,9877,51946,0.999,dynamic,599,True,0.03429645881988108,9.876686509621952e-13,41.29549248747913,44.717631744576906,92.34722608602189,5.544782660158956e-09
ca-HepPh,12008,236978,0.85,power,150,True,0.025826833210885525,9.600955747151837e-13,1.0,3.603774859645975,27.748681284108777,1.0216701263344311e-23
ca-HepPh,12008,236978,0.85,static,49,True,0.008582124952226877,7.258809060246884e-13,3.061224489795918,3.603774859645975,84.94494270645544,1.0216701263344311e-23
ca-HepPh,12008,236978,0.85,dynamic,47,True,0.008325750008225441,8.317610155797299e-13,3.1914893617021276,3.603774859645975,88.5596211194961,1.0216701263344311e-23
ca-HepPh,12008,236978,0.9,power,231,True,0.040975083131343126,9.256652198548123e-13,1.0,4.433779629746542,22.554120491034986,1.0216701263344311e-23
ca-HepPh,12008,236978,0.9,static,61,True,0.011353791924193501,8.231519839970272e-13,3.7868852459016393,4.433779629746542,85.40986612178821,1.0216701263344311e-23
ca-HepPh,12008,236978,0.9,dynamic,58,True,0.010910042095929384,9.5170537733005e-13,3.9827586206896552,4.433779629746542,89.82761781774279,1.0216701263344311e-23
ca-HepPh,12008,236978,0.95,power,471,True,0.08319116686470807,9.66701675666061e-13,1.0,6.297829826079716,15.878485567503525,1.0216701263344311e-23
ca-HepPh,12008,236978,0.95,static,88,True,0.018784041982144117,7.737053797109706e-13,5.3522727272727275,6.297829826079716,84.98598525334273,1.0216701263344311e-23
ca-HepPh,12008,236978,0.95,dynamic,83,True,0.017686708131805062,8.049711867796517e-13,5.674698795180723,6.297829826079716,90.10562291920675,1.0216701263344311e-23
ca-HepPh,12008,236978,0.99,power,2377,True,0.4133505418431014,9.968346701225725e-13,1.0,14.130317913366113,7.076981608843228,1.0216701263344311e-23
ca-HepPh,12008,236978,0.99,static,197,True,0.03568879095837474,9.365162395363543e-13,12.065989847715736,14.130317913366113,85.39078824477338,1.0216701263344311e-23
ca-HepPh,12008,236978,0.99,dynamic,182,True,0.03428691695444286,9.378930127829984e-13,13.06043956043956,14.130317913366113,92.4284905726393,1.0216701263344311e-23
ca-HepPh,12008,236978,0.999,power,23777,True,4.24114358285442,9.995123401490524e-13,1.0,44.717631744576906,2.2362543833088258,1.0216701263344311e-23
ca-HepPh,12008,236978,0.999,static,622,True,0.11250729206949472,9.798543870598993e-13,38.22668810289389,44.717631744576906,85.4845988294758,1.0216701263344311e-23
ca-HepPh,12008,236978,0.999,dynamic,567,True,0.10554295894689858,9.951935777117212e-13,41.9347442680776,44.717631744576906,93.7767556824232,1.0216701263344311e-23
ca-AstroPh,18772,396100,0.85,power,148,True,0.040541459107771516,8.972274785919194e-13,1.0,3.603774859645975,27.748681284108777,6.219526296919918e-19
ca-AstroPh,18772,396100,0.85,static,48,True,0.013859708094969392,9.371454965512352e-13,3.0833333333333335,3.603774859645975,85.5584339593354,6.219526296919918e-19
ca-AstroPh,18772,396100,0.85,dynamic,46,True,0.013414709130302072,9.691500741540772e-13,3.217391304347826,3.603774859645975,89.27836587061086,6.219526296919918e-19
ca-AstroPh,18772,396100,0.9,power,227,True,0.060228124959394336,9.796020890098794e-13,1.0,4.433779629746542,22.554120491034986,6.219526296919918e-19
ca-AstroPh,18772,396100,0.9,static,60,True,0.016278833150863647,9.468291201880315e-13,3.783333333333333,4.433779629746542,85.32975585774902,6.219526296919918e-19
ca-AstroPh,18772,396100,0.9,dynamic,58,True,0.01697816699743271,6.594131614050286e-13,3.913793103448276,4.433779629746542,88.27216123215416,6.219526296919918e-19
ca-AstroPh,18772,396100,0.95,power,465,True,0.12995949992910028,9.800301911548557e-13,1.0,6.297829826079716,15.878485567503525,6.219526296919918e-19
ca-AstroPh,18772,396100,0.95,static,87,True,0.024940375005826354,8.042261773181328e-13,5.344827586206897,6.297829826079716,84.86776768838091,6.219526296919918e-19
ca-AstroPh,18772,396100,0.95,dynamic,82,True,0.0238540000282228,7.920280221664063e-13,5.670731707317073,6.297829826079716,90.04263157181877,6.219526296919918e-19
ca-AstroPh,18772,396100,0.99,power,2364,True,0.647376042092219,9.919648287893967e-13,1.0,14.130317913366113,7.076981608843228,6.219526296919918e-19
ca-AstroPh,18772,396100,0.99,static,196,True,0.05596570810303092,9.43282719662368e-13,12.061224489795919,14.130317913366113,85.35706389441526,6.219526296919918e-19
ca-AstroPh,18772,396100,0.99,dynamic,181,True,0.052481875056400895,8.806241221637438e-13,13.060773480662984,14.130317913366113,92.43085371991928,6.219526296919918e-19
ca-AstroPh,18772,396100,0.999,power,23713,True,6.467242167098448,9.997087378607045e-13,1.0,44.717631744576906,2.2362543833088258,6.219526296919918e-19
ca-AstroPh,18772,396100,0.999,static,621,True,0.17082637501880527,9.603298189702042e-13,38.18518518518518,44.717631744576906,85.3917877478296,6.219526296919918e-19
ca-AstroPh,18772,396100,0.999,dynamic,564,True,0.15733870887197554,9.97718744993898e-13,42.044326241134755,44.717631744576906,94.0218088500039,6.219526296919918e-19
ca-CondMat,23133,186878,0.85,power,151,True,0.026556541910395026,9.345473537356335e-13,1.0,3.603774859645975,27.748681284108777,9.9934500022709e-12
ca-CondMat,23133,186878,0.85,static,49,True,0.008717999793589115,7.933214641946772e-13,3.0816326530612246,3.603774859645975,85.51124232449848,9.9934500022709e-12
ca-CondMat,23133,186878,0.85,dynamic,47,True,0.008141417056322098,7.148798689493965e-13,3.2127659574468086,3.603774859645975,89.15001859362607,9.9934500022709e-12
ca-CondMat,23133,186878,0.9,power,232,True,0.03683904209174216,9.930781610600567e-13,1.0,4.433779629746542,22.554120491034986,9.9934500022709e-12
ca-CondMat,23133,186878,0.9,static,61,True,0.010309707839041948,9.484874409568848e-13,3.80327868852459,4.433779629746542,85.77960580196913,9.9934500022709e-12
ca-CondMat,23133,186878,0.9,dynamic,58,True,0.009896625066176057,8.483439616614526e-13,4.0,4.433779629746542,90.21648196413994,9.9934500022709e-12
ca-CondMat,23133,186878,0.95,power,476,True,0.07581470883451402,9.727979573395424e-13,1.0,6.297829826079716,15.878485567503525,9.9934500022709e-12
ca-CondMat,23133,186878,0.95,static,88,True,0.0139017088804394,9.833402761587028e-13,5.409090909090909,6.297829826079716,85.88817193331451,9.9934500022709e-12
ca-CondMat,23133,186878,0.95,dynamic,83,True,0.013405708130449057,8.05869688237491e-13,5.734939759036145,6.297829826079716,91.06215819435756,9.9934500022709e-12
ca-CondMat,23133,186878,0.99,power,2420,True,0.37149591697379947,9.994233895748985e-13,1.0,14.130317913366113,7.076981608843228,9.9934500022709e-12
ca-CondMat,23133,186878,0.99,static,200,True,0.039591124979779124,9.554082187178107e-13,12.1,14.130317913366113,85.63147746700305,9.9934500022709e-12
ca-CondMat,23133,186878,0.99,dynamic,184,True,0.03540150006301701,9.243741812395447e-13,13.152173913043478,14.130317913366113,93.07769289891637,9.9934500022709e-12
ca-CondMat,23133,186878,0.999,power,24285,True,3.6529055000282824,9.997782941158283e-13,1.0,44.717631744576906,2.2362543833088258,9.9934500022709e-12
ca-CondMat,23133,186878,0.999,static,634,True,0.0996058750897646,9.697708267482615e-13,38.30441640378549,44.717631744576906,85.6584190830518,9.9934500022709e-12
ca-CondMat,23133,186878,0.999,dynamic,581,True,0.09155920799821615,9.597210694060195e-13,41.7986230636833,44.717631744576906,93.47235404243516,9.9934500022709e-12
