graph,d,method,matvecs,converged,residual,time_s,predicted_speedup
web-Stanford,0.85,power,152,True,8.613677804511963e-13,0.5000414168462157,3.603774859645975
web-Stanford,0.85,static,5001,False,0.846722541810478,18.099264041986316,3.603774859645975
web-Stanford,0.85,dynamic,5000,False,0.7660119443047152,18.067564124939963,3.603774859645975
web-Stanford,0.95,power,478,True,9.788256240576043e-13,1.5991798751056194,6.297829826079716
web-Stanford,0.95,static,5001,False,0.9460018081399991,18.17128050001338,6.297829826079716
web-Stanford,0.95,dynamic,5000,False,0.9099252254982297,17.999634459149092,6.297829826079716
web-Stanford,0.99,power,2428,True,9.98724395356519e-13,7.98624383402057,14.130317913366113
web-Stanford,0.99,static,5001,False,0.9857051643977831,18.078502708114684,14.130317913366113
web-Stanford,0.99,dynamic,5000,False,0.8908366874028993,18.02951299981214,14.130317913366113
