r,theta_over_pi,theta,n,symmetric,max_abs_imag,method,matvecs,converged,diverged,residual,speedup,predicted_speedup,mu_subdominant,mu_dominant,theory_diverges,beta,backtracks
0.85,0.0,0.0,81,True,0.0,power,162,True,False,9.18672966064434e-13,1.0,3.603774859645975,0.42500000000000004,0.7633913438213185,False,0.18062499999999998,0
0.85,0.0,0.0,81,True,0.0,static,52,True,False,8.725969380123678e-13,3.1153846153846154,3.603774859645975,0.42500000000000004,0.7633913438213185,False,0.18062499999999998,0
0.85,0.0,0.0,81,True,0.0,dynamic,75,True,False,7.455819539861947e-13,2.16,3.603774859645975,0.42500000000000004,0.7633913438213185,False,0.18062499999999998,0
0.85,0.0,0.0,81,True,0.0,dynamic_safe,55,True,False,8.09423928385125e-13,2.9454545454545453,3.603774859645975,0.42500000000000004,0.7633913438213185,False,0.18062499999999998,0
0.85,0.02,0.06283185307179587,81,False,0.053371941599916366,power,162,True,False,9.847700867897795e-13,1.0,3.603774859645975,0.5446365160631484,0.7633913438213185,False,0.18062499999999998,0
0.85,0.02,0.06283185307179587,81,False,0.053371941599916366,static,80,True,False,7.387536750212167e-13,2.025,3.603774859645975,0.5446365160631484,0.7633913438213185,False,0.18062499999999998,0
0.85,0.02,0.06283185307179587,81,False,0.053371941599916366,dynamic,1023,False,True,0.029021741956812917,,3.603774859645975,0.5446365160631484,0.7633913438213185,False,0.18062499999999998,0
0.85,0.02,0.06283185307179587,81,False,0.053371941599916366,dynamic_safe,81,True,False,9.129577017977469e-13,2.0,3.603774859645975,0.5446365160631484,0.7633913438213185,False,0.18062499999999998,0
0.85,0.05,0.15707963267948966,81,False,0.13296929528419624,power,164,True,False,9.221042197388606e-13,1.0,3.603774859645975,0.6251301200112398,0.7633913438213185,False,0.18062499999999998,0
0.85,0.05,0.15707963267948966,81,False,0.13296929528419624,static,133,True,False,9.390263596520343e-13,1.2330827067669172,3.603774859645975,0.6251301200112398,0.7633913438213185,False,0.18062499999999998,0
0.85,0.05,0.15707963267948966,81,False,0.13296929528419624,dynamic,1016,False,True,0.08547531974069157,,3.603774859645975,0.6251301200112398,0.7633913438213185,False,0.18062499999999998,0
0.85,0.05,0.15707963267948966,81,False,0.13296929528419624,dynamic_safe,133,True,False,9.148550318468407e-13,1.2330827067669172,3.603774859645975,0.6251301200112398,0.7633913438213185,False,0.18062499999999998,0
0.85,0.1,0.3141592653589793,81,False,0.2626644452187053,power,167,True,False,8.834262068585307e-13,1.0,3.603774859645975,0.7225067047518856,0.7633913438213185,False,0.18062499999999998,0
0.85,0.1,0.3141592653589793,81,False,0.2626644452187053,static,484,True,False,9.751642740441765e-13,0.3450413223140496,3.603774859645975,0.7225067047518856,0.7633913438213185,False,0.18062499999999998,0
0.85,0.1,0.3141592653589793,81,False,0.2626644452187053,dynamic,1014,False,True,0.2166311276399419,,3.603774859645975,0.7225067047518856,0.7633913438213185,False,0.18062499999999998,0
0.85,0.1,0.3141592653589793,81,False,0.2626644452187053,dynamic_safe,469,True,False,9.572680770276728e-13,0.35607675906183367,3.603774859645975,0.7225067047518856,0.7633913438213185,False,0.18062499999999998,0
0.85,0.15,0.47123889803846897,81,False,0.3858919247786148,power,169,True,False,8.948813676386306e-13,1.0,3.603774859645975,0.7988314685963162,0.7633913438213185,True,0.18062499999999998,0
0.85,0.15,0.47123889803846897,81,False,0.3858919247786148,static,1002,False,True,0.38589192477861484,,3.603774859645975,0.7988314685963162,0.7633913438213185,True,0.18062499999999998,0
0.85,0.15,0.47123889803846897,81,False,0.3858919247786148,dynamic,1012,False,True,0.35799994335467694,,3.603774859645975,0.7988314685963162,0.7633913438213185,True,0.18062499999999998,0
0.85,0.15,0.47123889803846897,81,False,0.3858919247786148,dynamic_safe,319,True,False,9.462138934880635e-13,0.5297805642633229,3.603774859645975,0.7988314685963162,0.7633913438213185,True,0.18062499999999998,5
0.85,0.2,0.6283185307179586,81,False,0.49961746444860217,power,170,True,False,9.831988769136099e-13,1.0,3.603774859645975,0.8613666471020262,0.7633913438213185,True,0.18062499999999998,0
0.85,0.2,0.6283185307179586,81,False,0.49961746444860217,static,1002,False,True,0.4996174644486021,,3.603774859645975,0.8613666471020262,0.7633913438213185,True,0.18062499999999998,0
0.85,0.2,0.6283185307179586,81,False,0.49961746444860217,dynamic,1003,False,True,0.47929898992725756,,3.603774859645975,0.8613666471020262,0.7633913438213185,True,0.18062499999999998,0
0.85,0.2,0.6283185307179586,81,False,0.49961746444860217,dynamic_safe,347,True,False,9.036292091456586e-13,0.4899135446685879,3.603774859645975,0.8613666471020262,0.7633913438213185,True,0.18062499999999998,6
0.85,0.3,0.9424777960769379,81,False,0.6876644452187053,power,173,True,False,8.71499083425703e-13,1.0,3.603774859645975,0.9538915661582854,0.7633913438213185,True,0.18062499999999998,0
0.85,0.3,0.9424777960769379,81,False,0.6876644452187053,static,1002,False,True,0.6876644452187053,,3.603774859645975,0.9538915661582854,0.7633913438213185,True,0.18062499999999998,0
0.85,0.3,0.9424777960769379,81,False,0.6876644452187053,dynamic,1003,False,True,0.6425434704013487,,3.603774859645975,0.9538915661582854,0.7633913438213185,True,0.18062499999999998,0
0.85,0.3,0.9424777960769379,81,False,0.6876644452187053,dynamic_safe,406,True,False,1.1471950882151859e-12,0.42610837438423643,3.603774859645975,0.9538915661582854,0.7633913438213185,True,0.18062499999999998,8
0.85,0.4,1.2566370614359172,81,False,0.8083980388508805,power,174,True,False,9.530435803099306e-13,1.0,3.603774859645975,1.0081099925865504,0.7633913438213185,True,0.18062499999999998,0
0.85,0.4,1.2566370614359172,81,False,0.8083980388508805,static,1002,False,True,0.8083980388508807,,3.603774859645975,1.0081099925865504,0.7633913438213185,True,0.18062499999999998,0
0.85,0.4,1.2566370614359172,81,False,0.8083980388508805,dynamic,1003,False,True,0.7287336342280017,,3.603774859645975,1.0081099925865504,0.7633913438213185,True,0.18062499999999998,0
0.85,0.4,1.2566370614359172,81,False,0.8083980388508805,dynamic_safe,422,True,False,9.543374370196745e-13,0.41232227488151657,3.603774859645975,1.0081099925865504,0.7633913438213185,True,0.18062499999999998,8
0.85,0.5,1.5707963267948966,81,False,0.85,power,175,True,False,9.716971694981747e-13,1.0,3.603774859645975,1.0260407640085654,0.7633913438213185,True,0.18062499999999998,0
0.85,0.5,1.5707963267948966,81,False,0.85,static,1002,False,True,0.8499999999999999,,3.603774859645975,1.0260407640085654,0.7633913438213185,True,0.18062499999999998,0
0.85,0.5,1.5707963267948966,81,False,0.85,dynamic,1003,False,True,0.768883733617009,,3.603774859645975,1.0260407640085654,0.7633913438213185,True,0.18062499999999998,0
0.85,0.5,1.5707963267948966,81,False,0.85,dynamic_safe,440,True,False,9.982476466300373e-13,0.3977272727272727,3.603774859645975,1.0260407640085654,0.7633913438213185,True,0.18062499999999998,8
0.9,0.0,0.0,81,True,0.0,power,245,True,False,9.67585506797028e-13,1.0,4.433779629746542,0.45000000000000007,0.7179449471770336,False,0.2025,0
0.9,0.0,0.0,81,True,0.0,static,64,True,False,9.977098214683957e-13,3.828125,4.433779629746542,0.45000000000000007,0.7179449471770336,False,0.2025,0
0.9,0.0,0.0,81,True,0.0,dynamic,78,True,False,7.070661627876935e-13,3.141025641025641,4.433779629746542,0.45000000000000007,0.7179449471770336,False,0.2025,0
0.9,0.0,0.0,81,True,0.0,dynamic_safe,68,True,False,8.586600149540347e-13,3.6029411764705883,4.433779629746542,0.45000000000000007,0.7179449471770336,False,0.2025,0
0.9,0.02,0.06283185307179587,81,False,0.056511467576382035,power,247,True,False,9.123761620932467e-13,1.0,4.433779629746542,0.5766739581845101,0.7179449471770336,False,0.2025,0
0.9,0.02,0.06283185307179587,81,False,0.056511467576382035,static,120,True,False,8.568339158179151e-13,2.058333333333333,4.433779629746542,0.5766739581845101,0.7179449471770336,False,0.2025,0
0.9,0.02,0.06283185307179587,81,False,0.056511467576382035,dynamic,1022,False,True,0.03219070369341436,,4.433779629746542,0.5766739581845101,0.7179449471770336,False,0.2025,0
0.9,0.02,0.06283185307179587,81,False,0.056511467576382035,dynamic_safe,121,True,False,9.795971222956949e-13,2.041322314049587,4.433779629746542,0.5766739581845101,0.7179449471770336,False,0.2025,0
0.9,0.05,0.15707963267948966,81,False,0.1407910185362078,power,251,True,False,9.221640994573262e-13,1.0,4.433779629746542,0.661902480011901,0.7179449471770336,False,0.2025,0
0.9,0.05,0.15707963267948966,81,False,0.1407910185362078,static,322,True,False,9.461397203870055e-13,0.7795031055900621,4.433779629746542,0.661902480011901,0.7179449471770336,False,0.2025,0
0.9,0.05,0.15707963267948966,81,False,0.1407910185362078,dynamic,1017,False,True,0.1080370468917102,,4.433779629746542,0.661902480011901,0.7179449471770336,False,0.2025,0
0.9,0.05,0.15707963267948966,81,False,0.1407910185362078,dynamic_safe,317,True,False,9.474203624555578e-13,0.7917981072555205,4.433779629746542,0.661902480011901,0.7179449471770336,False,0.2025,0
0.9,0.1,0.3141592653589793,81,False,0.2781152949374527,power,256,True,False,9.510129046550656e-13,1.0,4.433779629746542,0.7650070991490554,0.7179449471770336,True,0.2025,0
0.9,0.1,0.3141592653589793,81,False,0.2781152949374527,static,1010,False,True,0.27811529493745263,,4.433779629746542,0.7650070991490554,0.7179449471770336,True,0.2025,0
0.9,0.1,0.3141592653589793,81,False,0.2781152949374527,dynamic,1011,False,True,0.2781152949369349,,4.433779629746542,0.7650070991490554,0.7179449471770336,True,0.2025,0
0.9,0.1,0.3141592653589793,81,False,0.2781152949374527,dynamic_safe,406,True,False,9.53316649230696e-13,0.6305418719211823,4.433779629746542,0.7650070991490554,0.7179449471770336,True,0.2025,7
0.9,0.15,0.47123889803846897,81,False,0.40859144976559214,power,260,True,False,9.046020539603781e-13,1.0,4.433779629746542,0.8458215549843351,0.7179449471770336,True,0.2025,0
0.9,0.15,0.47123889803846897,81,False,0.40859144976559214,static,1002,False,True,0.4085914497655922,,4.433779629746542,0.8458215549843351,0.7179449471770336,True,0.2025,0
0.9,0.15,0.47123889803846897,81,False,0.40859144976559214,dynamic,1003,False,True,0.4085914497655921,,4.433779629746542,0.8458215549843351,0.7179449471770336,True,0.2025,0
0.9,0.15,0.47123889803846897,81,False,0.40859144976559214,dynamic_safe,493,True,False,9.72021287588913e-13,0.5273833671399595,4.433779629746542,0.8458215549843351,0.7179449471770336,True,0.2025,9
0.9,0.2,0.6283185307179586,81,False,0.5290067270632258,power,262,True,False,9.597777900346748e-13,1.0,4.433779629746542,0.9120352734021454,0.7179449471770336,True,0.2025,0
0.9,0.2,0.6283185307179586,81,False,0.5290067270632258,static,1002,False,True,0.5290067270632259,,4.433779629746542,0.9120352734021454,0.7179449471770336,True,0.2025,0
0.9,0.2,0.6283185307179586,81,False,0.5290067270632258,dynamic,1003,False,True,0.5290067270632259,,4.433779629746542,0.9120352734021454,0.7179449471770336,True,0.2025,0
0.9,0.2,0.6283185307179586,81,False,0.5290067270632258,dynamic_safe,545,True,False,9.68510767234103e-13,0.48073394495412847,4.433779629746542,0.9120352734021454,0.7179449471770336,True,0.2025,10
0.9,0.3,0.9424777960769379,81,False,0.7281152949374528,power,266,True,False,9.180905565612171e-13,1.0,4.433779629746542,1.0100028347558319,0.7179449471770336,True,0.2025,0
0.9,0.3,0.9424777960769379,81,False,0.7281152949374528,static,1002,False,True,0.7281152949374528,,4.433779629746542,1.0100028347558319,0.7179449471770336,True,0.2025,0
0.9,0.3,0.9424777960769379,81,False,0.7281152949374528,dynamic,1003,False,True,0.7281152909601597,,4.433779629746542,1.0100028347558319,0.7179449471770336,True,0.2025,0
0.9,0.3,0.9424777960769379,81,False,0.7281152949374528,dynamic_safe,582,True,False,9.318430069293097e-13,0.4570446735395189,4.433779629746542,1.0100028347558319,0.7179449471770336,True,0.2025,10
0.9,0.4,1.2566370614359172,81,False,0.8559508646656382,power,268,True,False,9.602278372195567e-13,1.0,4.433779629746542,1.0674105803857592,0.7179449471770336,True,0.2025,0
0.9,0.4,1.2566370614359172,81,False,0.8559508646656382,static,1002,False,True,0.8559508646656381,,4.433779629746542,1.0674105803857592,0.7179449471770336,True,0.2025,0
0.9,0.4,1.2566370614359172,81,False,0.8559508646656382,dynamic,1003,False,True,0.8064181442897248,,4.433779629746542,1.0674105803857592,0.7179449471770336,True,0.2025,0
0.9,0.4,1.2566370614359172,81,False,0.8559508646656382,dynamic_safe,595,True,False,9.331188434160586e-13,0.4504201680672269,4.433779629746542,1.0674105803857592,0.7179449471770336,True,0.2025,10
0.9,0.5,1.5707963267948966,81,False,0.9,power,270,True,False,9.34522413907593e-13,1.0,4.433779629746542,1.0863961030678928,0.7179449471770336,True,0.2025,0
0.9,0.5,1.5707963267948966,81,False,0.9,static,1002,False,True,0.8999999999999999,,4.433779629746542,1.0863961030678928,0.7179449471770336,True,0.2025,0
0.9,0.5,1.5707963267948966,81,False,0.9,dynamic,1003,False,True,0.8383430562289359,,4.433779629746542,1.0863961030678928,0.7179449471770336,True,0.2025,0
0.9,0.5,1.5707963267948966,81,False,0.9,dynamic_safe,592,True,False,9.649335542665441e-13,0.4560810810810811,4.433779629746542,1.0863961030678928,0.7179449471770336,True,0.2025,10
0.95,0.0,0.0,81,True,0.0,power,489,True,False,9.51928617680676e-13,1.0,6.297829826079716,0.47500000000000003,0.65612494995996,False,0.225625,0
0.95,0.0,0.0,81,True,0.0,static,91,True,False,8.533307807114458e-13,5.373626373626373,6.297829826079716,0.47500000000000003,0.65612494995996,False,0.225625,0
0.95,0.0,0.0,81,True,0.0,dynamic,92,True,False,7.937270110796481e-13,5.315217391304348,6.297829826079716,0.47500000000000003,0.65612494995996,False,0.225625,0
0.95,0.0,0.0,81,True,0.0,dynamic_safe,96,True,False,8.445790086785711e-13,5.09375,6.297829826079716,0.47500000000000003,0.65612494995996,False,0.225625,0
0.95,0.02,0.06283185307179587,81,False,0.059650993552847704,power,497,True,False,9.984722255906513e-13,1.0,6.297829826079716,0.6087114003058719,0.65612494995996,False,0.225625,0
0.95,0.02,0.06283185307179587,81,False,0.059650993552847704,static,339,True,False,9.392468220006193e-13,1.4660766961651917,6.297829826079716,0.6087114003058719,0.65612494995996,False,0.225625,0
0.95,0.02,0.06283185307179587,81,False,0.059650993552847704,dynamic,1023,False,True,0.042712001199284914,,6.297829826079716,0.6087114003058719,0.65612494995996,False,0.225625,0
0.95,0.02,0.06283185307179587,81,False,0.059650993552847704,dynamic_safe,337,True,False,9.493712298590507e-13,1.4747774480712166,6.297829826079716,0.6087114003058719,0.65612494995996,False,0.225625,0
0.95,0.05,0.15707963267948966,81,False,0.14861274178821932,power,511,True,False,9.911463281012209e-13,1.0,6.297829826079716,0.6986748400125621,0.65612494995996,True,0.225625,0
0.95,0.05,0.15707963267948966,81,False,0.14861274178821932,static,1015,False,True,0.14861274178821934,,6.297829826079716,0.6986748400125621,0.65612494995996,True,0.225625,0
0.95,0.05,0.15707963267948966,81,False,0.14861274178821932,dynamic,1013,False,True,0.1486127417882193,,6.297829826079716,0.6986748400125621,0.65612494995996,True,0.225625,0
0.95,0.05,0.15707963267948966,81,False,0.14861274178821932,dynamic_safe,633,True,False,9.638166202711188e-13,0.8072669826224329,6.297829826079716,0.6986748400125621,0.65612494995996,True,0.225625,10
0.95,0.1,0.3141592653589793,81,False,0.2935661446562,power,524,True,False,9.77114518387145e-13,1.0,6.297829826079716,0.8075074935462251,0.65612494995996,True,0.225625,0
0.95,0.1,0.3141592653589793,81,False,0.2935661446562,static,1008,False,True,0.29356614465620007,,6.297829826079716,0.8075074935462251,0.65612494995996,True,0.225625,0
0.95,0.1,0.3141592653589793,81,False,0.2935661446562,dynamic,1007,False,True,0.29356614465620007,,6.297829826079716,0.8075074935462251,0.65612494995996,True,0.225625,0
0.95,0.1,0.3141592653589793,81,False,0.2935661446562,dynamic_safe,788,True,False,9.828721641074907e-13,0.6649746192893401,6.297829826079716,0.8075074935462251,0.65612494995996,True,0.225625,10
0.95,0.15,0.47123889803846897,81,False,0.43129097475256944,power,532,True,False,9.603558863876868e-13,1.0,6.297829826079716,0.8928116413723535,0.65612494995996,True,0.225625,0
0.95,0.15,0.47123889803846897,81,False,0.43129097475256944,static,1002,False,True,0.4312909747525695,,6.297829826079716,0.8928116413723535,0.65612494995996,True,0.225625,0
0.95,0.15,0.47123889803846897,81,False,0.43129097475256944,dynamic,1003,False,True,0.4312909747525694,,6.297829826079716,0.8928116413723535,0.65612494995996,True,0.225625,0
0.95,0.15,0.47123889803846897,81,False,0.43129097475256944,dynamic_safe,868,True,False,9.76632628451863e-13,0.6129032258064516,6.297829826079716,0.8928116413723535,0.65612494995996,True,0.225625,10
0.95,0.2,0.6283185307179586,81,False,0.5583959896778494,power,537,True,False,9.811434630157398e-13,1.0,6.297829826079716,0.9627038997022644,0.65612494995996,True,0.225625,0
0.95,0.2,0.6283185307179586,81,False,0.5583959896778494,static,1002,False,True,0.5583959896778494,,6.297829826079716,0.9627038997022644,0.65612494995996,True,0.225625,0
0.95,0.2,0.6283185307179586,81,False,0.5583959896778494,dynamic,1003,False,True,0.5583959896778494,,6.297829826079716,0.9627038997022644,0.65612494995996,True,0.225625,0
0.95,0.2,0.6283185307179586,81,False,0.5583959896778494,dynamic_safe,901,True,False,9.971012802107982e-13,0.5960044395116537,6.297829826079716,0.9627038997022644,0.65612494995996,True,0.225625,10
0.95,0.3,0.9424777960769379,81,False,0.7685661446562,power,545,True,False,9.545240345280602e-13,1.0,6.297829826079716,1.0661141033533779,0.65612494995996,True,0.225625,0
0.95,0.3,0.9424777960769379,81,False,0.7685661446562,static,1002,False,True,0.7685661446562,,6.297829826079716,1.0661141033533779,0.65612494995996,True,0.225625,0
0.95,0.3,0.9424777960769379,81,False,0.7685661446562,dynamic,1003,False,True,0.7685661446562,,6.297829826079716,1.0661141033533779,0.65612494995996,True,0.225625,0
0.95,0.3,0.9424777960769379,81,False,0.7685661446562,dynamic_safe,654,True,False,9.545240345280602e-13,0.8333333333333334,6.297829826079716,1.0661141033533779,0.65612494995996,True,0.225625,10
0.95,0.4,1.2566370614359172,81,False,0.9035036904803958,power,550,True,False,9.55647855921266e-13,1.0,6.297829826079716,1.126711168184968,0.65612494995996,True,0.225625,0
0.95,0.4,1.2566370614359172,81,False,0.9035036904803958,static,1002,False,True,0.9035036904803958,,6.297829826079716,1.126711168184968,0.65612494995996,True,0.225625,0
0.95,0.4,1.2566370614359172,81,False,0.9035036904803958,dynamic,1003,False,True,0.8946339802197405,,6.297829826079716,1.126711168184968,0.65612494995996,True,0.225625,0
0.95,0.4,1.2566370614359172,81,False,0.9035036904803958,dynamic_safe,659,True,False,9.55647855921266e-13,0.834597875569044,6.297829826079716,1.126711168184968,0.65612494995996,True,0.225625,10
0.95,0.5,1.5707963267948966,81,False,0.95,power,553,True,False,9.853884103161287e-13,1.0,6.297829826079716,1.1467514421272202,0.65612494995996,True,0.225625,0
0.95,0.5,1.5707963267948966,81,False,0.95,static,1002,False,True,0.9499999999999998,,6.297829826079716,1.1467514421272202,0.65612494995996,True,0.225625,0
0.95,0.5,1.5707963267948966,81,False,0.95,dynamic,1003,False,True,0.9140264576270165,,6.297829826079716,1.1467514421272202,0.65612494995996,True,0.225625,0
0.95,0.5,1.5707963267948966,81,False,0.95,dynamic_safe,662,True,False,9.853884103161287e-13,0.8353474320241692,6.297829826079716,1.1467514421272202,0.65612494995996,True,0.225625,10
